old	new
003dc381e89b1f7aae6eef63acccf6280bb4cf4d	823e30fe2f378e0e86af65f9b6d44d0b38fd03c7
0044bfe2468d872e8a825bccaf739a037acd52b8	b675bf25a6a19c8fba8cb449ad6e575aeb9b250b
00a1d55dc48aa5a1fecd4f1d4c520db93b88c9e5	8212dee4b402945ff96dab1795744c7538f0311b
00e8d9a6761be3e7d1a39ab7ac03aeb84abaa3de	8b02e63fe1cc60933197dda3a69c9205a9fdaf59
00f0d330c60b2784e55b235d979539a968d96cf2	b25c709297e91ee39e9f84d575e4339ae5a3d4c2
01c52c7a097ac500fb90d0bc75d4ad192d161fe8	7a65e9d915b1f5b37aa21757c8ad145bdf1afc6e
01f919fbfa6ea28941d2b8da6e3bb3a2645b4e3a	f881c9ea94ce2095ea41cd0ffd00c1d52b36c004
0214f1403fd79c0e422de6f4f0b07166bb097bce	75c0340dc2a3e5ce16b0c05b5be24d27d97bd869
0243158a5e16596c44f117335f54c37d0c3aab11	a10eb0fb064bc62b94523f98714372f7931d38a6
02578dd31e7c6b7250215fa9c81877cfe011bcbd	0db45209f4a5ea23bec11dcbf9b38febc6861e38
0260b77a8ae5cf37ad276bdea5642063fe56f781	f6d1cf6d7c290f22e7d33d72add4806edda527e1
0265df7127c5b3ab57bde115d710982202411c4f	83c9f20f0bc1a1a07d6395df1e0a0a4f7d086467
027628a89674c1b15960455a7ce860d962eec997	dae56564c2c3759c55ba318c033b29fb550de8b9
029973f0d264acdd282cb570cb17643c414d2a98	aa05eb992333ee6d2a20ab6bdf67ae17333018db
02ad0cfd2b0047cfe0ded0f234a6ed7069ec22c5	1f8ec60ee1c38442454e504bbd855c264347397d
02cbde093579448da1665a25129561b92bcf6471	df8edb914ab1308545d49d9420afe70780bd0904
02cf35035a8e16398c9e38aeacb49f0f3399e0e4	9c1e53cac38eeb2f0c64f65d73c3f129d41ab9d6
02e777771018fa604665042d40d0f686474e132a	8f105a8ec11d994570663fc5fbfa84644c47169e
02e8c1fa5956cea702c1c7a672dc68b7249cc000	39ececb326134fcaa760051fe447bc2c5387e67c
02f8713ae143b3762aee7f0a69e565723965d574	a8d862cf37a9d5d3e2bd34f7198b8040ca741467
0333673eee86d26705c321347c617162638551c1	11d28de4654ee204cf854b093c1861c6e5e89656
033cb7b3df3be4d1da77e85cf4e1c0ef75116b6c	6312b09c1314500fae155b3a4e849076e862487e
03982a04dc83dfb119dfc837f07bc8ba43e37adc	6a7bd5614b697452f9f42b206ebe02e4dded9fbf
03a0989f4eb5491fd76e205b86dd64bc3ace6f7f	f6cc3c893f187ad00e94f3990ba81a9dccdd67a2
03c197e69577f53e8063b1fe42fbe30bfad1ce57	e71a9e71049d7880b5caf4c7d8cdd4a687a53186
0422ae9779cac4165031b2f23041aa7eb8343208	274f16b0c7ee4b7850348fa142c44fadb909d457
043e58696c524cbf8cc677e0cfdab941bc427961	6f92937fd8fc7ff92bfc6f168dc3534d17beb187
04f92078a4fb0b8c3dcb120e74804a867f99e725	4064327b110fdd2c23c589c57139fbaf7860e675
05003cf580423590c4cb846e61f394aa52871c2d	c626087be54c5abf6bcdf761a1cadda42474e204
051fdb683de7eec0c66df62026749b2d74c6890c	9c0ca305dcf368087c7218bb3406db2a3cef623d
053b5d612eed2d549fc504ae5e055891dfc6e7b8	b9250c96514372df48cfd75d862ebe792b12935c
055001df1df6b219a62745bd64a97066952049f2	70d8cb63b2e93018ebe636aab51eea67a4c431f6
059e58c9b3fd25a4a40341c90f17a01a11acfdcc	7072c1f43dd1bf8149d2319902d3e8dd45cfb999
05aba663dba85905aa6affdd530a1d8b25c8cc4e	d8b604728e8a712711c3d8cd7546bc8c7df7baf8
05d086712335b74fc8357ef8e694a4b1f46ed283	2817f2bd273c595cc0329e2160ee3fcb2258943b
05e3a1104fc76d0db08a069654db9b428d7d849d	56f2be1f0ea700e28f8a0f9fbb928d4e750c536b
063c3b490a59fea57eff43ee287d0fbbdc10cd82	55fea0918d6a63066aa69a03bf3d1f529b22736c
06639822ed7e48a456353ff2741cfca03ecf5a00	e7d7dabb7d3490646c88ef28fd24364458a40e23
06a38e17c08ccf88c1c7796e637a39e6b0e27a5a	e6a2dcb17947955fa19a300f9c14f19290c6fcbf
06aab8ca71ca794adce753beea7bb699cc6e5cc6	12e1f24bed1e69d1e69219f1fa21864d2c95fafb
07006c67df24f3a2c35338dc006977aed65f43f5	d2ae64d6dd1d219c57414cf96e95453bd4ed179e
0773be44cdc3022a9b34b1045d232d0106a073aa	543695a882de710e12164794663d346621e217e8
0777e95ccb4c57377d88022de4095654877d0e81	997ace204a9ba1515a20e8f8a74fa4b8be1cce65
07acd298193312fdd8feb8e3d5dfa8e2ec0e6319	1e68f394aafc4811d32a4a73176a37a32e967c0a
07bcb033930659f6146814639f7d1baf02ab764e	134847794900ae1e048457e241e25f89db6a1111
07be1c80225953c8a73a715649f20456aee6e7b1	27df6c51c35074985c81de866530090d7822a43f
07daacb9569e4b80d74cdb318987a3f38bf02f68	852e4c989b23eed28a58e0bcce5be4dbf6569d39
07e85a0e9baba0e660b1931dc0ed184464a02734	1cc1445ce1d6080d7395a23b699762ea943cd2d3
0819c1e09810839050e4d12884b1dce1922e8394	a208be2be71653add3ad9f3ec3d22d05667a3939
082c297640a7240998f5c458ace46bc77be80120	370eafaeb8bdc2192dfb88dc7e6b55437fc7478c
08e78b94a40923efb2a10594f36160373d44919d	c26196ac9e70231a35b3bf5366c5671256fdfa36
09057f29f16bb0edcffbb5964b50fea6a8981917	a05798156351e36b9079d6b9d12423880e113753
092c1aa865cbc15bf3ac1442c969717de58f6f17	8552c0a739b0e210c7635129a02888d2004559c5
0940330b1b0b40b6aadf9316ca8aec8ed6a088a4	40c7edbc62a03e498fc6d9184b728777b2082648
097142a815c155ef46e81e9033ab6fd54d5990b2	3df4b3f5bf3f70b1c0778db9a85ef14c56e55446
0986c92760c65f6e43bdd8e4921d662d068fc234	14e751b51a50f0c21bbdef5fe489cc88eb4451dc
098e8d51697b6dad2ea451bed06b7a1ba8bd6580	2da78831e59827c74264fe11097e609d810e1266
09bbcb97c81fbf4d3633dd901dedf72dd400fe28	82e6b92f4bf04828cae7e06353ea7a53aa85b0e6
09bdd687a713d3710f6b60572c078742b355787c	d5c9cd5b3782f6c68a05369ad5ba177171f94a4e
09dff2334bbd8f5412102deae9c14274fd2c1af3	105f4c7d1cac7d8a0a78592cd7228e17ae1c1432
0a2925ea1f2b6ca64b99af62d7c815baae5473f4	c84525f4299f98733072bcf30b4799723a76342c
0a99d225c961246b58afac984e0bd29f297e55ff	c15fb96cab53b1644415f913f8b312edae8572d9
0b047cc18a68cebe206e472d1bc59a2e20f5bb12	ae89bed6f8f9fd060518f496d0c05b4b23c5d841
0b51e239322123df495e0b6e76f07965f0d15a80	406f770792428e7e5a9f818d4810739f674d5f57
0b56c67307fedb5bd2606cace97228ab5e349cdb	f6ac8c96d8d998b1e9893e1526596dfaa1c3bdea
0b7280c86d49fffec0eed0d7eced477e2b4266fb	1b622cbdda2cc85db8f59c1539336671df0985f1
0bef8209910c6bca993580824803388336dc5fcb	eae66252fbb30753aed90824232359b822482a1e
0c1450944538eb2fb946ed6e63765f7a2d611d26	4d8a0ed80a28d104919bac483ccea244346b0347
0c511aa279647428eff223ff728cf4273c245a65	c03b047aac2220cba43673687441ff56d4e97fcf
0c81020b95cf4c8523d746aff9d6603f51dd3a13	20308c55d6586a2c64072c8cfbbb5bf96b536b68
0caebb07393fdef83285846835e73b70ab9f7184	240d7c5c08ac1e6663de5787c5afe10ccdeaa948
0cecc57879b48b5ba9f465775360fca3a089150c	a7676e83310b0bb4f942448a7aa7f08f2b1ffd31
0d085251005ee5261e05f2b3b4e649cf6f2f4f6a	c91baf87685f30c0f4ad3f720e2de69bcf12d691
0d0fd14e9f0ce8e1b3cadbb1e9ced108dc3bc447	776c241e2d98bd9b440ad3209cce53f3b5c0c416
0d3b35fec2f90915855298a69ed6f3fc06e8e20f	098701041d31bb49e7d7739cd39b246f16223e3c
0d89948fce2d69311f7d399bb678372e6b3006be	9e2f5a564c5cb23b7469faf374bf07042f23e402
0d89ff2aa4b8a3ed345608c8e659bb5b6dbef3bc	28f3046216141561f79fcc16ab02f16c8486dbf6
0d97ab3806b41b38bf6e776f1e8bfd7f15795adc	10d1a8b2c66eff7f22cc388c809b157235201653
0e0ccdaed46632a49df374b343a9995d1a442d33	6e2c84655970de7ed7a69cb5c0eac7327480501f
0e293edbd6b09efc3e6dd76fabbb44d325dbd37a	f85b72eb194c5d5728dbcd8adc15c09f5269090d
0e5b71b046da2c0bf4bee94c1b74eb733b6b378c	b5004c507e4bf782486722da2ae7811902235257
0e5bb91db8596396c956eaf62a4074710065add2	afac631652e83da205b57403c3b4adf493c9c24c
0e92ab23960086df8324c5f569352b7a43bb77c3	9facf5b362f5cfcab0db93898afc70afeddf612e
0e9a8e9bd9454d892921b633002fac60272a9233	b4f3bfb068b704e05d1c6f1c8a0d720db70b0b98
0e9e253732a0a0353f6eaa4da901b3c1acd7e75a	9c9e41843e7d811856263a947e3d69a1a189e565
0ec4316de4f0a5ae59786009e1fe1eb7475e38f5	f6b12466e9694cad56e96dca5e3ee50b04f3c9b9
0ecdcc771d73344a405b70f88b37ef3a5c3759a7	ccb8e34408720ec4443b949b6959880be83b3678
0f03d84234fceb92f7df51ebe4db7fe455ad7b3b	0dd458a461d404cac2529042c760c5704ebdcb24
0f2f679a9a0ee5707ded8c9baf10a941f3f385d8	9f425cf05a71dc446e2f165caead531a54a8e89a
0f3da30ff3f1fcae7943a71aaa03d46c4bf76844	e84dcdc14e588848922273cad6c6775eb6664f1b
0f4fdb70fcef09b4de154ea8d3d120565c09ffd7	f3df25d94b18a6d5539625f726e05ea740cf8a39
0f67cbc58959dd28b9b4f8cac01a2aeb3b37f52e	eb5e54cab3a6452a4f90470cc48185e6c38b55d0
0f8480784b0989e2729dd92ff694f2aec5d955ad	ab5a7a81095f0c33653307305241ca7bb03a6068
0fc39dc57381979dee97451df6b4096dd2995257	b54c12703960bb6a6357f134d40c4afa05ce72d5
0fc6ccfb54fe5a9d4ae64284e8daacf735370aee	e632b10363ce7832933adad3a13d18dcd92ed769
0ff7cdc8add50e799b8944607643d8f6f579eab8	fb3f5cb16f52479dc58d1a174113027ad80c0c1f
0ff88c1ca6c5ba32ce89e6f5d0b8fae0b0a4d3af	0baa0668ca8084b27ff39f70217e61f2f74e4c3d
1002bb457ad424ca3f4d32df8def79bddb490f1e	f6d2c79eaa9f37783e1f65b0b266dcad7dd3c03a
109b8ae1414b6bf1797518eb933447b63c47e427	ff107597653f8e75b924d7bdc8aaaf9c507fa745
10b9c0d57c13b3805599eecbdbd52a7c70c93f94	672a8867b704bf189088dacd9135e577fa126357
10bafa55c666b5f05fd611e8d9f8d190938ab5fc	93673130394ab388294ebdc90c1160c74b75ddba
10c45f73ad59b1824e62ae86c741d9820bc784a5	48a1a90c6aed4a0e8b874ea00698727c9a13f4e3
10c8ded73f652ae057c0ea43592d2e2a28d3f3d1	f72201eec171e2787e46453395bfcc05fc242c9c
10cd8231c6fcd5a94cab9579c9c93bec9ad434e2	6f565c665190849d6a8b69839c507bc4e9b1efda
111f6d3a924146b2ee40fa3b52d03bd391213853	36a3eb3ed6a3981942c807921f3485991f28c52b
112a47f06556272066db8de76cb2b228338e3d54	12d3810028ce22841265dcf542593c2b5e3fcf3b
114d61a85496cd9be6a665ae4459522a8b4a2bfb	89c62126407deb356918eb33b0251ffc56e37475
11b032e049714f9193a0a5a3a24fbbc7fae81893	fc3c81a90ea3f97dc32e1b000b706eebf6aafcbd
11dbde98a6686dffd920fa06c01b4a202f8e0813	4267180efd199aa099e440186eebbfefaa78cbb7
123f0b1eacf67595bb836d06ef06323269b643e1	5af9f307c09fea7b817b6d67b9d8df7e3c0f4ea6
124abb43de5bbedc9624dac1306a5f280ffedae1	fb8042f9fd3c7c047ca2dc359521ff600a8c2ee4
126517ea62199e92d311fb1dcee45d844c737405	b3964302bb1640347874692e47939ac741b972cc
12f98af1c9fe1f37bf2d6b52263ee86cc2db83ac	14c2fae610537c6c4142161cde52fe14b2da3fef
1327dc282c1950486afe8763361dbfbf44bc1b23	bfd660fd9ecc123c54380cd4c81bea08470a5f86
132fcc04c95bedd92d473ab61602b66cfb3e9a46	ca1e08138e5090fadd0d6d3a53567fb1459057cc
1361217e4d93ea53593b7fe58ff872840fb33e54	68f3508e0c007f27cbb335732bd22e68dc745f8b
1376a8f1b1c711da188e0eac49c775bc54b04775	c53101211f0dc6a3d443726ab04e0a2b10bbdc3b
13784248b78a4ecdc10febada3681f9d4811d5c5	c50a586aec6bd7f92e773ccbb56089c68ab78ed4
137d5aafdec6c66c3f30c31ec01b760fa9b6c20b	7aaebc1ba52238d925f72aa69b7ff7990e13f516
13a643f304e5b60eaea0998de5c10a38f3c1e92f	7788f92b381a38aa1aae469b0386c1c1ca95d7b0
13b0364256317e30d0be3904921b0891db4af513	5aecb52e3bdc95f1fdf93021166c316b83597769
143290821aeeab19b308cdc624b14df6440e85ab	49e5a2d2ce1de13ecaecdaf6866740fd50f4f4e6
1459cdb3c6a9f1084c038377d6fe5a45ee015e5c	8281f3f35e7fd1689f93b8a28222afbebdd18413
147896769ec1a39a024acfb670ef47da63fff1a2	cbd515cd0a27afdeec5c293d87be7014b2c1823b
149701c2248f525ed905fc3b106356c3c6650de4	6cd361dd90642ef61361908d7950392e0ff06fb3
149c01d6be30451f0132f304e72ed21bfd0f58ce	0ca463f78ca6735f826bfd6c7c261e29f14c12e3
14a83204094a144175c48667e6a8b9ad318d31e8	95cceae82dc852096b6c60709f5177d58a1bdcc1
14d1442fc623b3b2e27f3c817cec5b5b2a42143c	205368e730f68253953f213812027024d4f9aea3
14db930a85a27502c55bbd5333072d6b0ae0eb0d	e7923effc67852033b1934284dccd915b4a60b4c
14f60c46982e4c89d902117d2adcbd0237cfdbcf	8d08c1096bdad4d5205c350c120327e3999535fc
15114d1fa644e0ffae66ff3f676fffead970557b	5512b9e2254cc48cad67346a30943f47025af137
1526afe0059e66df935914b5bddd7faf76ed7027	eb2b1f8195ce3c22072dc48c45bc4e1236f7b4b5
15940a6b47486f6b4121e218aef024e3f93d4a89	55aa948fc3328f69c8de9b44d43d25150d6ea3c3
15c0725b98f94a6b1b2ece3c53f4a82c34772eb9	6608e332560b20df06d8dd3b3e99d094bfb413e4
15c0f0e274e87d99b20903b094c4a965226880a9	b1f776fe36fed0a7b3ba159669bd4f25d4ce9ca0
1636de783be5b1802316d9850b81b8d0c47ac5ef	c6ff8fd2427bc4da986afc9fe022bb81bc49246c
167de097bfa76ffe66d0e27eee00312963c0d441	1b850e321c5dc4c7592f09924fd55067fe91e7a4
1686d2c4d8e26d4688534e7c7675343a6fb17f13	1cb00b76e6ae4b88f6fc9c9760fe726ac1f27993
169ccb63488bc84ebb9fc909584aaa79191e9409	d65904f05adf742d878ec3d190d3669a00285322
17159554233b28ac1713fa7b75e4f3abecd19c85	1d54ddc2dca94a71ccad4ca4363f8701e5903b96
17d876501491cee06566ea0a707183423d182b2d	eac191592a728687a4e88d5177debee9fc63b904
17dd8fd98ebbf5b5f25f1a5d3aaf19894ded9f2d	09d9b070cd136f0b084f45a955897193dbf33b0e
1811a2b28407f77b5d0866dfb35dd11f5d500c2e	6d0e39dcde7d8017161363f6e21fbeeefd83305e
1824a88a0cec139a45518084a56ff5890f5a9f2e	27d8a9d2bf2f643ef133b0aed34b7dde5f633f03
183d69633ab305c61fa95285ebf8d2aa2543b45d	6980741d1e7f11e501da2627eb1dde584c41ccad
1870e1919cc376811f9e4dce3d703b090b16309e	3f95ab33d94b12cc7a06888394e281adc6bde707
1884f90121dde114ff6188ebd3c4f0944784d409	a76acf607b4baaf7e01ed0476fcc5c5b78aa731a
18c5f24fbf2e6d5acee06ded1e7a8bbd47771c16	7f487f525a196a9d8e786a1a93f1875a3d6f9c7c
1910fb7ab93ecbc68c8696591133318bfab9750c	c9f1093fcd4f63dd04e89d135464b72db7f26029
193ff76d1d0d88713f8257c3a330e90515043872	4b2c07c4006f48bf8ade3abada2554f423d0a952
1940c7b56f85b0f7f57b27eb1f69353e93c4e54d	d30eead861e19e1782ca0586de81b8894087576f
19489e62177605ede821376aa95f213094b1c7d4	fd54272e5d83ea3190aa71e1fc7707059e83ba0d
195e1bf5d943c116dfc11606ad4f3f6c91b7f807	fda345c5b1f960ae41af3f193dd06f8f5dfa440c
19ae827a01c4f19d0bc6c30d87c5862a23fd7e1c	c15c8a9bcde140445d856f1b10d579de4453e9a0
19d014038aecca34db80c4da3ab7d1b16e38b90f	7b949a23ac595d045c740fa2997851205523e4d7
1a55405c74e6991d243e608ebebc455c52e4f75b	307dafffe532f3fe06139060c2b2b6aec6d6ff84
1ac0e3ccaf59f6e53d4d99f58c84e3ead53f187a	51fdca9691d4fe66de6d5b701c7d27a11baafd25
1b22737262d80b74de81007adfb4e53cb26e6ba0	369062b4dc327cf52304266aac4b6f96c4c5aef2
1b85093f479a07e3918f3e61ea3cb504fb270da1	b1a44422974b619b32de3dad908866e17005f7de
1be841d34fc2d7db66a9baaee7558d63c35d56ca	3663d2f3aef6d27e98ac10e2f8908a1d5d0730d3
1c1bcb23b90245f39102ac59b4bd6d844ed4e2e5	8126c7684b9a037a136931c1dcad88ec0ead56ff
1c781d72d1386efa83c8852a82b9ec66f2d71223	c217140ea571907ec951cc5cecb25c1668070a09
1c95f830da80bfe3d2a5a58de615604ac1e89535	2516313a5e53b5dd3e69d3302d44fdab0b2ab163
1cc383939ec8941924a3b1e507798c16ba809e75	aaa6003852d9e1fffe86ba0d735e4ac2fb1f3ab7
1cd95fa95aa9bda974595ffbd0b1b7ed3882d68b	2d3e5831bc3d8d5c664465f9f0f191cf058621a6
1d0b7c0621f8ed1d259adcb325797f74ac6deab5	379c6168e7050f099716c6f8c86e254c6aa58446
1d177f8bb31413502b0e53c08910292e5110527a	3824d78d22671e367be756ef6d2820f5bf4fa6d8
1d27ad73edda1cb150155974fe2f905b8e9b049d	4cc940be67c3ba626055fc2770fdcecd416dca5c
1d2df4bd96015fb0db670c04996cecb35ad07999	aab4148c7ad671992d443e6773b5a7eaeddd8ee6
1d68f9d4d7c239f874b4e593b09093f3fd2cd978	83a0e47921b553e14254204c66d6f7ef5fc9f0a2
1e61c768c77d9855c9d88760000d4931cb948fe9	e28f8dc4771f2fa71b2f3cc1d706bd88e6c03337
1ec36c534997832994cce139c9e5b8040b73f175	3661907c813bf9f6d3b76b907898f4c3573f7d40
1ee6f90c1a3eefa8c2a04b3d4ad9e39e9d9275e9	d68eeb3a4f2f606fe3e0f0a4b4bf4cde654acf58
1ee97d122dc25b4c55b751307f3bd3f74958ec9b	3aae58d4e85681f306af693fcae88f6e1bab123a
1f8553ba6213c176b9c9e3c67f12498681459008	7e99b88f625f02e30fc9f976b14e560db42f760c
1fe91ff5f305c28ed6f9e897abba030bb1b93881	dafbcd8779bc1cbcf3d8f539381de7702de218cb
20092c74641c3f7d1df1da9c286e21356c2568bb	ea1804fdf0572b93d2bccbd05319be6ae274a76e
2029d34af3556874497ace1e46261892dda18fc3	725aad976d5ea5bd8bd0ff37d35d6e17a909b885
203ef254cecba04052ba8047f738b78520187e13	291e0adeecaa28a347eb3c7a0c61febffb54b737
20810336dee57b70fca8e4e79cae31b6c4f05ecd	88bc5a928abc7ab97fb2157eab6800f85974ff01
2082e3e20bc62a08dda91df1ef5e107c0d846d17	a001ee5d3250b3621b0d8bfc1e6f3f2ed99e6b74
20e497dbf229f77e02e1a0c7607d698f067038c9	97f39c362f11586c949f37fdbc4108a7be84b8d9
21592c19b375d3d3ae804133e5d5919246cb3407	46057946b7af4736d98cf1f3f65f9c8f311b1672
218a34c3df56ec3c9d91e98742f08edd8391e987	3c7c8177fd3fd106d847f0fa604155fd66039151
21a5fd8c536e4019fafe773e76fc92c83dceff9d	54886fd73643dca859d4696d66b0e63f5371e11e
21c75a0536df3d4fbccefdd61c95d46bac093032	c233d442576143d9a032ae8e2dc5dbfa918b4655
2202fe6d123ed4f768c68c9c44c3396c59279dcf	83b8660e5c36b65d672ed4aa4c965764788f5a71
22324df888246121217d8c945f27d07c42d8edf0	039db0d8be85ca8d3b97e6e91056d13c25e1d8ab
22670c5ded29d3c97a35f03af481d5f3037ebbe4	f0ae4dd150cd4069645ebda60ca5fd68e42f597f
22de34b4eff43324bcdaddda0f5cf0b3a7b3fe5b	7e76848e6a165f872d6e7d786f63247dc2b0ef2c
2306e6102d6dd8d812ccf6499f0b41c72e8db3b4	d1dbc1fd3182b56e5ef9df19c738f117d084959b
2333380be5c7379f49dd565deacb6c72deca23a7	522d942c490a1859b909aa6affee198690aedab5
235db45f8941b1b4f9870e6cc9a9d02e45ec6ab0	26dd0ff8827f4e7550959fe758407bf7e5dc0b4c
2366494fda08c338ebb7695776b1b6f63e4c9acc	66e5a405b10554d76f6595de2323288e45ab2c12
236a4c41b88e80c0794d0da2dfc270915460ad2d	b4e126e37700f6def0caa7e32321382418360f41
236bcc7e5765344446d659cf47c2b3b4f49e366b	ba2ba7a8745ae61faca2e25c989ad906b158c33c
2391550b8e86208be575c4287e5d7812ff4df50a	1867a49f2faad39d0713e895cad74e272a6d9a87
23d7e64ce7171cb9f3cc3aecbec144258eef3cfd	a8545ab2735bab739ca3fa8bf407ab5ec34e663d
23db70b7a16776baf0a13700a6bb7b1ee463d5eb	7dea8fef95ba5491677986e80578e67a18453a8a
23f189b667d126af7108d584de9597d951c16a0d	461713aeafe280d0e54f3d199855e2fb3cf0c434
240e2071a4f11e657a11c3c3c04331e5665862b5	e00fa1dfe6732ce3e0afb5fa0fefd3070daefa4a
244137ecccab5ae2f8548611070076f3007f7b28	1c6d283c412535e1910dd0a6e812ca049a56bfe6
2457024ea76153ce8e1d3a63c4c3d634e68a5f68	98c22164fe51cfd2d6b5296a449b5af295548f79
249291cb0ebe8afc303ecf78b638c9381c59b056	058848e647f2ebc053528c3ab0340028cfca8ecd
24b7f55445eb685b6e3ca65bcacb10e805566597	ba5df67f1254fdf6ebff28ec073c294a30500551
24bba7d5c8f1a5d4d34c49b743be974b534cc7b0	0fb4ff3f954328718d76943d47847be70c92c441
24c0cef8f8bfc523d9303127e11e219efcd5118d	6c02e8ca323bc08ebaa8bc5cda313c4d9bdfb866
24dc7b23d770546738a8395c318c1957f7645b43	ce0b0aaf96fea96557d51421de97c2baf2c52086
2508464e8b1504cceb74b81064007452814d0842	a23f6e82a4bacec125e806b36d8e20b46083db22
2536bf672c5f3bbda94d150a46932e7bb9f099fd	fa95ad3b00b1a81b866687785d478149b8553c16
256b3f77b5b26b852b91a2d71dfea0ac180127ff	851c765edcf3e854716f82ec3428a84aa7cd801d
25820006fb78c5897eb6dcbfb6906c107710b541	6f52793f91bcde73e4fa2e3ade9989ea8f9fec83
25d9820f76c1dcfea78a56b0b2343925d165af86	e3916953b10432444721211354066152b5e1bfa5
2688fc62f51e1803f2543b235f65bd9b944e958a	71573e670f29c52405cea78c192d5d2d294532a3
268a72f500cb2660609be0a1cb53182844c2e487	3c076899c914c561bc4e90c872cee9e4099c100b
2695371658d7eff15ba449cd1a6303b71179cc12	bf7e48d1e76e7ac71a39bdbfbc1ca0e6af1e93bd
26a5038acb11854efff964a1a4058d66f89a00f7	d2a3fe846f208b4c48a6faefba0751835c37ecda
26ebb3f04cbdd07448361259f05e769f0982e982	9873e08e0c6f51a85070e4ed8701e884381c8c04
26f1b738180a2b0ef10317c65dafd0c6bc8992b2	bdfc82ad28b6aa2a15158434af30b71886d07505
26f6ea155737ec4220ac51f3a26fa81c00c233d9	c8b9d5d1015d887f524a7a6dd983916463f5bbda
27220f52064c294c4949d902fef0482256ca1be4	2080b6c193de515701e58bf8d35e7167aace7d4e
2757bebd796e369455f6b9b6c3da74569462b7a1	6f13b87ffe58eb7523274e6f13641438e9b8504e
2783988e4db8f27bdeec6b166cb9073c006fb20e	6ca7a6577ae7c4967940653842cf4f9acbf7d9c8
278b0b1131b307ada826049d7339aec98b44ff02	dec406d1fc69c0ecb2bf9425eb7033029df02f83
279ac7a0d761e0c78fd8081f2010524c5f734c8d	f83f20f30b17d87f810344a58a6ebbe23b5b7fb1
27c2a27ebc85bd8c055e7dc8f1e64b187180483d	64d043cea42d59d8b4e6d11ad7b880e8fd56140d
27edc1b3ef853b1f76e9d68974b33d60979a1295	1fa24b628c1a5facbfbe131995ec0ca758deb945
27ff8bfe970d8c24e0c2d123d9c4f6666d4c7a3f	eabf9abcc17a65aabb451cd7d41519bbf4e15b72
283e183dc184db5da68665a350dfe2ee3597378a	72fb5057e9d631f703947d21b25c9a77a846b129
2878fd6bfc740fc83866e086abaf708f4f06e080	138d2566208ae92f43c22ac86ca5bd66a5563187
28af68cdb3b3f8d0041720a36942cc0fc3f6de2c	aac5de1f1dd70597269589419cc23066df2f90d8
28c29275ab992ce863d74c14b1f27394387e4128	9e088e3a1a89fe941422d010df47c7cb06f7671b
28d249e26ecbf3473d406400d28f4890f6bc9541	7d3577d4dfae67c321300dbbb5563620784f7da2
291245b06cb7fc651568afa41b3a85d9c9f285be	ecabea2c55f4f5e6f846ecca0ce4eadd70523a7f
29202da38195580c52689e01cf9bf8156c93cb4b	aed6c35b2c253829a9d44b3eee02a143a09b2890
294e41087ab4fc7d84c98303ccbfa097f46c529c	1d5bfe504607b6ab6370d34c3542bd4b45d129e2
29640a3c53e1d09a2d61e7133fbedd00b4c7048e	14509807da61cb8bf416a71f00da153b2630de28
2980c8e6a1840d1c0c44d1a6311769cfcdb301a2	7562e9581fc12bdd8a9b544242bf2ca87a27a87f
298f1d078387a3e0ed101de195718466bcea0b57	ec173466c9294582267dc6d0c8a77ce0b68051ec
29ac8314c930efcf3b7399ca71bba9cf31208cfc	2e5663f911fe20aef51952ba25f21a1c29bd6be2
29dd6dcb203a0f479fcc0cf7ac1989a805d68ebe	d9eb90b8b266cf75a72172229490999331b89e69
29efe06879fe17b90d9987bef51e7a119526359b	51c53a94c4462046aadb4844430af095d7023395
29fbf399642385900d3adb2a06b215e7dc2b2283	52f305f352c6d57c97acefb55ed4e277b897cd60
2a0174a2be6a7c3d69e55e8b3a75b6c9056c0f32	35291b2d80573106ffe9f4ac39a539171264d78b
2a396d3c627f675ca70a2f2d95e8207c3780ca1a	cf9ec428b4299fd39e288c16e0ea23b3fd368100
2ab41835beb1aa04ab4d08ca0b5d31aef9e91dad	92bfafee196f3726787bcf1a78caff11feeb973f
2abe4bc0fc336edd0a8b618936714294db3702de	49f7ad5834e1e37744c0ddc92f7f273a269e5dbd
2b22ec8a4ef6424c0acad03d231598722fa39b86	80c0953d4e588f7f85f0b7152e359e3a5471aebd
2b78ac81a03bd119e91502f0c79ac7781047242e	f2125b2caffd24c2fa3e3f72c8d2cfadb00841ec
2b81df8aa2c95324147dda81b17982621aa85fbf	174d9e82f218a3ea34aa21e35416c16d260c9158
2bcbd33cf2c65c5162f8dc9287d8f8cac17f93ee	0de8d606a500e7cb2b5622f07967c56de72d6042
2be71b9b66540b0f4a1a472266e662f295be83f0	4ad2664f9943ea8524661c2cf2eda63835ef65de
2c1a117e482981ea5aee79469f429496f87d90a7	0dcc1ae931653d1260b528b68491285229202b8b
2c2e731cc21f581ce996bb2b69bbc7c0894798d5	3f9a1d7b75bafccb282fbb78e858f31b54e12142
2c79cdb7b62e21bb63f1b4fb5a7a0935301d89b6	593240bf46cae74752b63be5eee5a0f4b6487985
2cb02b289c1f43eae14187c86c3d00ce91a1ae86	8cb3a88a831140744353dd6a2923f6853bca87ef
2ce4341bc4ce710c1fcf68807354c48f173d6641	89d2b4493d26489047a01232136a6eb8596f39bb
2ce7e5ebd0794547440823ff01abb4cdb1659183	12424f0d12ca44ae972b5e830223058c22997db9
2d02769eb5f53f2e708d9ec8d4cc7c1df2300fb9	90257f68684e5abe7c449704df46c11ea3b9b589
2d5a6e08d6825fa0001afdd0fe10c7d1268a2c49	eb9f7551a66144d5cde1a1a7ca8eefba3e48e7c8
2d866ba15ea6c60b4948ba3ea78e0c98ca8a4f41	ae067c09770f16eea2197f1bd8249ecaba41b65f
2de32aea211058ef73b3637c61b6be984c38bfbe	d6ab282130983165c34d559e5b22c82aab668343
2def93f3cd3df88bd01127ebf1c3dbcc0777adb8	c6b9e41439ae14a78d2bdec4e7e0c0ae6400f40f
2e12dcd1ddaf9022151da1bba379058cf4d17b82	ea3d6e37a37b576c39686876d32122614f4d4f72
2e1caaed66390d60fbda09bade521fa6a5c41d70	69a51fd9e1767f66c1035a080bb88f8114a3058c
2e49d5e37fb45540921a46dfdeef9e81f65a5515	74eff041a6f88f911011971fdcb700b13221d7fc
2eb6664f5efab0f96f583b6cb6548b73418fac07	c4f7908208114acf1d718e3bef9d38ea1305abd9
2f1fe3baf61448cc16eac85367e8b82f1bfbe91d	8553bcda822c2dfe5149cf3a6c2b867d4ce9aa1e
2f9129f1dab6981732e96ed5f26d5825d08cc064	1c1cb48eddff880df3bc67043353a23726a8e247
2fb334b12f3a3f73d46af1ed95fec63cef9cf0d8	53d7573e3d0a2aa69ae933eab696163c1441bc6d
2fcdb01f7c6b79ea96a4c9bc3ba14f2844657a04	3abbac06b4f4c55d9b3f1dbdabe438cf8472004f
3049eae7f264a6f0ba3431b0672a3b3b899a3aeb	1d3ab1e280f12d99ae0b0ed6ddd342a6146c254e
31082dc06de81c454b514963f664be3eb5aad4e0	96868b6c1b23d4cc0c9f3bf6a7f2d88f31c87d6c
311c11b88168e3e1c5fe86abe9a963514ce81672	77f6f574d26258bd852cfa5490bd2cfd332594fc
312234151ceabf44d6c1d17d63cd361eefa8dae7	8713927fdbc0c804700b4e98c35eb3ded6907479
3132bc1d144259a0fc33a062a1da936e86b93531	280eabc2823361f45b75d995c7872f1cbd57e65c
317ed2e0bb4b29a75194bdc111caf51d143412d1	7dc6120a498a62bee6584152e3c70e942af181ae
31c02a450b389848f6f51cec6b643ceb9105e20a	2ebb56e18a952cca499b8bba180010c476b28e3f
31dea5486104e79da0f321865146b3a5ae05f7cb	1f7f3c510d2d9b9f3ce7f092422b4525bb0f6183
31f6457d558d7f79774d480999269fc8a63f857c	7b80b96bed3a44ff5514c64ae969b5fa7c221cb1
329e25c8fc035f4cd15d18cce98da85f3b2bd25a	258432fbd2c96639aad5a40d7b8328bdaa2f4d8b
32e739f83bc6d0aa14ca52b5edb93cd0bae1bcf4	ebfaad19c69b26a2ee74604f2def001facba4514
332952094e4a3ddd71bfa3ba242c42ebf619f770	88a3dc684e9dd85bda8199235d0e41b24a7d6380
333fc5c4b741963e491b986c7bc0404114c53e0a	32bd7e270aa62e547f5b0bb4462fb64bd3e06908
3348acd183e82b28c0122d24480908c67a56771d	a807cd71b9f737bc4b7a2c7776ac0ade206b0750
338ea918ce758524509ef6a50d3878c04429daee	c27b91378780752255b21e7c5bd8ed8bbaee2c0d
338f32c6e1d93d510009b82178c5ca93005700e7	b62813879affeb9ffc0771a883c67c4b1d38bf69
33dc3aa6cf4315b4fc52ac09c5538e206078087f	2388220c21ee159482095bea0b8374d6d2711241
34013b3b20232558c646f8eba00a488680f1c5c5	d39e8325dd3dbf6be2a1b944580569484ccd0953
342baa97b9225fd3cb24a6e5b3cc3eb9932dece4	34cccd04ee44e9491a3468d69e3c9786f21ce38a
34992900a4b37d11980382845fa35f69ebcaebb7	34839075920bdb2df21d386e88e74d9f9afc334d
349b2518d8c12df5abe0e8f44d3b89d32538df77	199f08c460d9b04eb5e9c41be24172b94a8b5e65
349b6ef25c12de57c0975ec5367102f2132fc1dd	c4f89d4a1953a33db7ff83e7e15807ec316cca25
349e1171d04e4486486d98859e87031bac384b61	81f4f4c1ab18c71879732c36b88834ada4914db7
34a1c191161eefaa9fa52ea8aa25a8055ffa2cb6	ddfc2f58312c6810e09005b7d264611560824698
34a28d1069513dd807364a814981c079347516d6	a20dabb84edb68aaaed166e6697ca967eee0383f
34a550bf371c8138b401bfe7fe2db53bb404376e	ddfd698955c58e85cde1870621a98fb62311d0ae
34b5515d4770dbbaa85c5f678825d68f09e4d18f	b11a3abb22a937093cc2896538ffaf82d33f32a0
34d29c6fd76a1e0609d135deca6675002577ad32	3a46b3675adda23eed1bb979c8c0004b7a0e5f8f
34d723d58b94b6f47678d2b9029795b96b612a1f	8a2bd4f82a9758a1ebdc47b3fa496123c9ee9118
34f724d43a72b623ad6dbefbcdeaa2c79fbdbd82	0ea469a7e98eb2d257979e518b7455d905dca07d
353a1e50193148ed427f8ea392e3eeffb2089f37	f41a6aa0dda4a283f6756bd1021a8cce484133d1
3553db7921e16b8785c948d66ce1b85cbf5a3c2e	580e7dbc0752804ad2ea753973b1f41f04c9cd49
35ac9cca2520bd8b4b2294f5f59d4d1e1a6c3ceb	7a1854f5fad12ff8ee727d0a4a93e596d90a6024
35c94620fca2fe3363025cbdfa761981f185dd83	940dcb4f93867a89a4dcc21218da17db0e463178
35cfc6a7b9388d7b520210480bc39625d98aaded	76f481255ed83844d7a784d436a9764dd07833fe
361b8ea91cce777d879c99dccc4011c49c75979e	87376365174afeeb060c49d2ce8a95755ba4f1e8
365c4b0cbfa66ae1ef9bef293694884d3b0912f5	dc53d9ab2354aded3c91a8b97d1ad1651fd8c984
3665689c1472f26ee9b13ce7b457a031f1e11453	5e8042a5e7fe107c56b8f5881f90a2fe0a0c27fb
3665e8ab71688980fb8004f640ed3f452dc03166	94c8a0e83044eeb74cca48c22471c5fd9d779280
367b13a54510ff2a00190ce81041338ab5ac1d27	3113253517420542745e3b489add170aabf9e1ac
368356f757b5a6600a0b64c1010280634d936305	b8c9cc72d3e4efe2d54cec22a82cbcd2499b1c98
369a726df10bb8c6262569da2d5ec95e271e7afc	d80d318d6747cb00224350c47fc1959101ca5887
36d06c4bbaa295cd48a6a003e2a51d6c57fe3ffe	dd2feac6406c185ec024be9f754c0c8d9b0fca01
36d1f3c331cc80f30b18849ec15a27f4ea854f85	15eb4efa8349579b5115201a08d9f145de246717
36d8a6260775a9c475ed7883e463f71b7454cfe3	ed84306602a33eebb288280ab157727120d4ebf6
36e4f43fd82ba5e25197ace74a431bf325058128	2b8714fdabfb6a6e3fe9d7f02a8ba682019c27cb
36e6ff08758b1df1070a802a3ceeceba02473580	5137b52722ca8b6ef3251294ecdd6d0af738e32b
373e62d7eb19bae67f8933ea48a94bac8e7e7557	844aba606523d3d4a58a6c4d967e21b839584bfb
3747daebe9ab141668b21fb2fc8d9574696d8592	d19f6ee3c0bb1bfadaa844aa72b21d46b38090b5
374c7519e8b56126481dd1b360e5e340203cccfc	846d2c0ba1a2cc5a1c77c0bf948f6f4de31ca4a7
3750b967a396e49c2cfe343b1e28b27c69900634	3ba037ad972c604bc055ce450c8366e884c4470d
3753f6c37081448b241ad8bc896b459ae333984c	31f089b846ce69d73bcb52e51ed3f3272792225e
375e72296cd630f96338331f49506a78ceaccba5	cc161ad6f3e89054f6db9ba45f19e018c31a89ff
37a204229b44e37944b7d9f31ec794f4da0cda7e	758545adbce3592c8ce625a5f154638165840e82
37c6c8e84132ca951876850eef4129f6cacb9753	7520f6bbc73b5766107a95073a39e77c63c4a9bf
37ec6ec2b10752ecfc178d6bfc86df358fbe97a9	c21074e5e5e9e62aff36204b8e9b52bef1dd3748
37f04e8c7a02ca72df840b96ce813a83430960d6	3f3f8177f0bdb48996a090189e4d7910ff6a481d
3815a9ade67f4ac876218adc4a72fde7b1563e7f	61b699bb3a09f483206f93864d6812c4db6f7dfc
3890dc94538da91a48445551cb86aabac1e35dfd	169b0f093245adff76c5b273ee84c43f34cc09b9
38b5053ffc891350bbb20f5fdd886e44e29d67fd	5a958af0fe3668dc39236b786db4480a0a5f8214
38baa77b8285d79d15e5876086ae54dcdd5a8983	fcc235ea718dec84acc4ad1c86660fc7717d6b5c
38dad7d3a11a77a49ad4211dd91d799c78f21f71	d8dde47b69e6126a2ecd0a1309c81e148e0ebb25
392131fc6b6f1d5e0490b0bff4652a5eeab59bcd	21405aba9aa48e3e5874435f8a298a1895fa9a49
3945c4137c0e5d3abe999851828d363dc4fa6c78	f7904bc9f5388740529b3ef96cffc00fedbc8448
395e398488e37c306de1a9763875a516566c465c	98e4459ca6e5eadf0fc15a9d3901430bce6890a3
398a5c3427be699868d4c772e038ea20b97edcef	bd069ad4c700c0ef74d39f137223f7497b4a0a66
39d86b3431c0ad150adbed0ee7a8b7c8b47623af	39515cd08ab2b7149fd33d099016f678ff47f1f3
39ebfb144263213bb251eee9761a8c4b7e1cf2e8	2b8c6f6a2df9820c920ad487e333a00ef48093d4
3a65b01acf4ba7974ff6b4f85cfaf8dffd291db3	272616c77499796e11bf3f345bc642b5d9d43ae7
3ac069018b731a5a54cf25dd47c1671a26fb27cd	14bc7ec2a660a61206809259d916c83060bb7b3c
3ad7d6b2c5b1a5101834306dd51f38bc0378dbff	bdc0bf5f1bc59391d600c8d4ff204355500e6a17
3b70ee450b5b0d0618a49afabc5b1c3f76f3b7c0	2cb21f65c5546e3dae7024f8a4acab34439d21d5
3b84cd109cd9125a0211d6cfbae2556323b17f8a	05e8c22097a6b4d0392456adb8e5834c2601bcf2
3ba7a860e5d5a63a6ecd816a477526bdcb4f28e1	bc7615f1b086a60a09123085303f5106eb9cfa68
3c0e691aa64c931ec6ac9db56e619a79e1629771	6b5090adc4e430918fb8fd56bfe5b53a79655df3
3c13dbb7dcb55a91652222bb5b5be838e494ae18	29e2098580a219465bc64fcc4e302cc3a6452c54
3c3e460b8257098528c80e4fd66d28a0238a7b91	bc307995c09bfb995289b833d82e635c6d5dc96d
3c82e110bb9244b83400039446d8f6034136d5b5	79d5302a73901bf40ccb08e71ae17f4fbfe23cf4
3cccf9bfcbb6615fb16ebd55e0762590d04b808a	03d98fc50b0707994fd214f7d78a60a1051617c9
3cd248e3590b11f0463bb422e7808b7dca12e2e8	e498519e70fd36bcf48f93612ef16344a2c74811
3d687dc26e710311a77a2eadd182d70a7479a16c	206f520262ad92122a49eb27b45ad4b529250a45
3d96fabf875a3bec3bab6970882f9f2a2d84ff3c	2d1807545043cf0adecf1c37b67c38f7d5262399
3da77a848433d36a9cf34eb2de7f86cba383fd15	38a52d4a8cff067a7fe22b3c97dc12a0bc2a8f51
3dcf1765c26dbfc093784c0febd800ff286b6e6b	4e6a0a42909590b681c8acf19cab6a5ce5d78181
3dd5edfc0778aadb0172e46c6e969e3d8d276ad3	31ce0b6906901713bb1bc801d04f0335b6f706e3
3df70b0ea7503c17f9eef90be93b1da058ae3265	fb97f06307212ca67a7e50f55dfc125788596a51
3dfa1348de087368287db4c2086f8574e12a1b59	4ed1dac823ee6aaeef553fa719a2f14def639dad
3e109307597a4ce5b20ef410606c515e2b06dd5c	de77a917aa663ab993c8c23bd7bd191b8b747f1d
3e34965ff06b183aa84d0b7af506c33edb2f720d	be6ac773c405caa22c7bdb8faeb02997d37e847e
3e676b27ccd7fe5678c55952b9e6ce3563be1fc0	61d1a1129e50d7c782d7871aba94dff6bb381b3c
3e739aec2dc47aafda5081ad34163c17425a70fe	6f07fb5dab32c12a4ed1829e5787c09f18491916
3e7eb3d31b32bb97ed352e5b60a34a1bcf4f3179	e04e77b341db07ecf97f5990e1f012bd7ebaa3a1
3e951374d89a437aa46d88160c8b90a25223fef7	9fb755f4f20785ae61b69a04be87e88864b982bc
3f38a05fb50c868da490c76c94c616dea3e9715f	3c88a30f6c73af1f8692b77af0e74b1781cf7679
3fc354d4b632520c5bae326da3208cfc8331ed3e	b38e7a6c2fa43078746dd4330200cabd820d1041
3ff982a81033d0cbc8394a0997476ca555147039	4b3b1c18c54aaf2c6b0042b63777ef43f2d19390
400c0a1ce2efc42aea71bd7b7d4b963fb1ec237d	868f0f77398807a835ec2b95ce6dd332fd1a31c5
400dc30a363aac9840eb414fe4773ab45770566b	9247d61b4e72c207086cee89877243fe6405e72d
407e80c55e4ebbfef71a1c035bbb758785558410	efb64be2cdbbcd1e891b3a6865a076b97b79baa4
40fba0373c7d175ab86ade7cce71e823e291cc12	364d50818782481ae6f84575145a0a22379271a9
411197164354200575f4be1a0b24b87291ed9341	4a92bcd54b12799a16cc50ee8080d24add41f2ff
415170bddf00ef0e7431ba76fbe987ca80c52474	6481e92a4e2ed7510bcb6f53de0213aca53f13e1
4154eb76031417d07571de634a2b471eefd8de8a	65b5de33a505551958ed1789a5607f07b1b65695
41a8fd24be8ad3b93d384c562452f4f744152ee3	4d2dbf054f2e985a6a3fbfabe681410e59159f62
41e95bc07b79cc05c8b0e3effa85e4e11d10e6f3	1eb6feab3fe1ddbabc6313b673d4bf78c5a99977
4257f78bdd2d261ba0c90092715475de3659b801	a8af98303f476b08a379cea4388e541951f34592
42681c9a120eb2f5ae0f05cf2a8d156e2a734e39	8511f90b02ed41b0c97bba61be3eb07ba9c2156f
42c77843b637bd22c53c321ab0acb70f2878be58	f3de1424e301bcb8e0a67b07276877f02ce0d649
42d94f48d2a419f444d38c64dcbdec3195b10613	d48239b0a9dc3efd63fa817b09c42a9cd5084757
43157ed6b4bf807bcbf3502eba190022f5b5b75c	df2850859ef029a9d46637f328db6d516ceaf3b2
437b48c75ec20db6d553e16fc7de158b0b952cc6	38c3398cafbbcea835b34035babe0e1ce7629954
4389a9a84c6507c4197ee4e1007c9ab54889a7ac	174ab279fc886a0a9d00fc8d4226e5be29069755
43e15f2ea3531bc00c417986c3744a509a12e3e6	e60dca541aeddddfd96e0985a9eef1b3db8ff2e5
441c8a36725f36f663068760eefde8ed2dc3772e	b7ab8cf33d7cfa00348327be32dccc1c06c2c4d9
4426220ce2b3ee8f662797a2a9aa7a94df19e6dd	ae15d3a96b50ca74ec07513c26aaf36e1ff49ed2
44721cc88a62f0b58791088fb1d89bcc58356b3f	0dfdd2edcb8bdaa5de54218d6fe63e6733e503c0
449ffc1f274a5dbbf59fb79d584e55f7fa759f07	21a781ac4bab8c5f13516b1ee0c28415131df531
44e39b1a6bdb6c2a31d6e8bada9ab5c5cf2a07b5	074b57849afbe9f53f90fffd99727e99fae8ce92
44f4fb5f8eac03790fa8c17244d770eaa7f2b98c	6c3996ed920be8002cad2b78d137a8396a0e7ea6
45023cbc5d5cb30198d265044302e63de3e54881	f23d6bf9d652fb2bcaa9cd511efc0f5b28bbadcb
450deb680d7067af3cfe12cb151604f6b0099025	b97afcfdfc663cdf4c4bc0513448ae2f1ea58849
451be429f96a06901dfc6fb5feb00403b94db136	36efd962079846d13576ebb02dc8e9cc169f3e58
453e9d0a20aeb451f840f9c10fd4095614aa42df	765076ff9f207e84ca9d62e6c7d2304ffdb1927f
4597e090d53695bbde2089f0533f91c5bab97e3c	3e53139bd6b7d73f11e936d63bad70f60e3b513d
45ab506dc761754b2be28c96a6cfe7b5260f289d	a3560344ef117b3b2bb299a40f4457b0bb9af8cf
45bb6117574ef100e93c3c552935dce6ce7a5a32	5d0bf54683e1352c306df45b51b812e08041f297
45c6df1e6db28ce2d3db7e5e4b1f4ce85b02a7d4	0d633c4bd71c72684d7b80ebf538ead80b5b4048
45e4c91ae031186a8c0fd7f1cf4fc89a3250e6dd	fe7ac3b8dad2eb7694fef5b4286693a9cdc94284
45e4e27a6b3bd24cecfdc2c8ef748f4d8cc9f84d	83fe600fedfa6de3698453d98fce288647f400e0
46041d66a304e2d2e87cfd72f5da1e18dd46c336	bc1f11a87a84c508932be19ffd7369466dd63605
4612084574f3c7cc9fe1da28997608113022c8a3	f4c11eb7fd5cf79a594710bc991d7c7c25267d88
4618daf1f95ed9ff5fe939d12f2af1e6b524f13f	c00a58b1a22fc85532f91b3532abb806e1e8913a
461fb3669839e0b1b4aa65a78dbd9eb1580c895a	8e9278a01d80333754fd9228fa3ef853dee8e8dc
464557fad967b070ba73c45f7970216185ba31f0	8451f8bd267ebe63a85590410306cde910bf59ea
46b0aa3345bc1d79eae5f038d9a4738bd8cf17df	b0cc990773fffe3f47cf12cbc55355b80ad7b6c3
46dca18479efffcd8a1bb0553316c353842b64f0	46825ace94b6f8722c75b4f5764bca7333e1fab8
47090dc423b72c982a4875f25083da9f5c84afec	2844889da342c9c6d4907b344cdd29b6376fecce
4717cde9f80f1803d2d27970dde17074a81a9a2f	9a7d4b62fdf42f131ff58c6ecd05e5578e6689d9
4740625de09cce10c3f6f64d1239478a013d6e78	fa52a313c2eddd440fe4fd58044968b33baf136b
4758725da24cda60bad8938f4706f76de17908f4	a4518c9085aa947b63064d0b998856bdd0f7803c
478c5a76e19060d7f0b412c85f0b10947d66268c	e2b97ef32e229fb73f06f98af38e939a2cc0b681
4796ff1c8b05b6c9068fc464b691705f26ea6603	9bcda41c8096fbea9b8b70c7fcf7dbcc1746dae7
47a2eada301c1b46a33b23cf35e720826020a7ea	8e935bcdb16bcc373252158c88d57d0be2ef5e97
4815073f9a3276f3a760de1da99ac2b70b14ed26	06b9618f3b5b927a1da90e70f5aae99c0782f83c
482ea64962cbf40687bda55fdd49caa335d44985	9dded8cf6d428d59199f07b2faaaa9e078f06b45
48304d471f0eec98386b3936be06016602ed1e97	a6eda80eff78fd70761f9d741ff12a44b656ef43
48481ec15344f2ba8c497b65acd86301e659de48	fa1d48828434795ca35d2f49858c769f90f41874
48ca893535ffd285795d233a47cd249335849943	d23260310d90c11d9d7a7701df3e0e5d113977a1
494425c6ec0d84d4a0b446cdf0b65de287a797c4	b4f7d89a054b6d888982959d74cee6075218084e
49504fedfd17b4da7464fee2e3af26abb5eeb011	1b7156c8dc18f01297a341cac393a40f035907d1
4952a266c7844896fe922830ded50f0142369a32	900807f05a95045fd6317053eb76fe478e1cdce2
49862cf4ed432dc67c81086d527d77a74870b5bf	8dfe87f45191323befc50cb39f2b61e7916365ca
49d8a3b4670cb635194dfcad49ba34141aa4804f	fc8d29ed8cba01ff0473238350ebe75411a51595
4a8a2d34dc6b25b439f878a4cfa980e509b5c56d	08da8b10da96aea784fbe397d562047ba6af3a8c
4ac8f32f3f5bb5e24f76b38554ef09d2e7dbce8c	62427418eadc9cc50f392782af51fa5db20cbc2b
4b4314ec930747245d2da08e4f09d1957f1b3c91	13d18409b1469c84238c5d19d33adcb150e2986b
4b731e2a5c8b27ce93e02de0df9c5be9678212e8	1ad00067adf4521cc538e6183e0b8d105d909031
4b744dec214c1ce80e731d6d64be8d4dbd6076b3	9303e41639ac94ba25f94b5e161f03e1090a33d3
4c864047cb089791736922bf2d84ce7646840951	c7e2065369c22b4e2b442b6da087fb35728ae6a0
4c9d0a15c339ff155f48482fa705ef5a1c615c70	bd5b3e5cbbe925c604b43d21c30241983e814c37
4cb79a269a9cf7008abbf6f5d5753d06d610b4dd	ea9dafd76bd8a9159cdf25b1202ee64b856de921
4cda3a1d81c7fd4ccec47a49a58eb7bd3e12f5b5	c5c5b1ef7eb2d7e12a61ed39ecba6c4a2732a9be
4d38777e668803ffe8077d31393cf4d655c16b83	921df4dfb44dd99c352528b35eb41fda0a5f2cf2
4de8e0139e6e957b183d31119202a910fa3b6a67	f62b5b3a0ffb963dbbfa288e689d5b260a63dd5e
4e1720d96ee9040314e25c4317d9ea4dd40b1c83	efa78c97830885739fa2bae39e140bb809255323
4e1fa4df00167f6e87039d9665e287cefec53b05	fcd1d6af205b0177cc46b9119ff3345c613447dc
4e253a87f6c77b591ce4a50b524e8a066ab32f4a	9dfc7ac74caa0167d6551d6dd0e3d9ea82fdc039
4e26a1cbec6cc233aee2095c587ab80757c9be98	00e4c118b903f09074d52735c15dd525b43b0d9d
4e2c4e51f44364e322a0d691bd4167ab361e2231	3bdf2c8d5fa0883835b0ef9405459703215beb7f
4e575f46a7b406f957cf7e7568a7c308a2020b25	81c4af107b6ef5bc252bb562e847bdc96bce8922
4e640a47c97f022212df2b5c162eb6c3895612ed	c93039961769681af86d5f94349c171005d9ba11
4e6438985791506c3153e9393e8cf18c27fc6360	f5ae4fd020aa61ceb02501b44b65b256cd15ec66
4ea044ba4bf5ab91a81f1ff83466c42ee903c953	71466a3467bdbb01c81479075c1f4cd6b2e9f2f4
4f19ace97bbca9c8b2c8b2614666ad5cbb9629c0	976e9e46f521699661d145b947f618c7aa5b5fbf
4f1cb578e2d8c0b2b4bd390c3b6250465222e589	09f35cc7864a466e65730f6ca86542242be9a958
4f42cff176c28474bfd2428178d1c4222fae41e6	5be45ad65572dea198ff3f6588a69adb37729e84
4f4788da6934f13fece2d508f2896c9288f4bedf	619f6266cfdb37e055d6588dbfdf292fc39bd4e0
4f829eab2a7b00854cbcb1d50e19f94fac94ab22	a88b90d44a2aca7380b0fb4f4ffa094226eb2a32
4fa3b8491284ae1c4e3af487598d1403c2a907e0	426334fc44dcfe32b612174c609dec932d332233
4ff4cc42e49a5948de7bb55a490f10d86d4d6394	41ce6f87cf4feb5d0943dac71640b3612516b4b7
500214e2c6e3d1cf06095376fa3a82461497152c	6960f0c2392ff1c1aa3793ae213ceeaf1f43e4b6
501c2ae51da4a117849829ef7ce86345afa3c5a0	475826c53bf0c9998dff610473de75d14e2da815
504177f9efc372ebb54fa86431a9304502faaf18	24a503a8220ced9579e83ef082065a4ebc9c7fc1
5047e42292f7ad487779dde3dab80e8a68d0a491	fc1e4af1fbd8097f4bae8ad1b3866d9c34bc9ccb
505c76ac02b2f4213e2895218f4c0d5e0aab321c	f3912bee1894e70618a677f8a7ee10617881a8db
506a65e44e70636f10e1ebf5bf09de25a416e6e6	439e0e83fbe6ded9d94790ec2996147b7cdcb304
50bd006f5a596a15878231d26269ab7b3916e581	87565a31ca628ac9869c7c8b6fa7c88852ae6c1c
50c766f571a8412375d658dd2e9a09efb06760f9	46e9e5c5cc0e490f9689122d6529714660989e74
50cd3a1aef032e1da1f94edef86f837753ffbcec	baa6d9734aed01d2e953bc41ac31b78befd0b22a
50ef79cd3d27bbb06afd6b4ccc5b65db7b301b7b	263e1c53f074bd6f6911c21f5ca60a7dc5c92d86
515cf24de02a10f352461acb35862fc3579e4d69	5db6f92ac193399651ebde96361beccaa761c5ac
517bfc84a58cf8df1697ab85fc21628264672277	2461e59ff00c90a412f230ce5330ce72e9fb239e
517ca9e6b519fe0d0baed82c0eea7ec1753295c9	146c0e9260adf731f0279eeac2f4f7998581efaa
518295c3f49427abb0d39b0b5d596aa30889f247	aee89f42f570cd3093914134b3f30fb9fe9272d7
51b33ffb6b9fdb45e126b72c7feb8cc1ba4db531	ff6b548b672e2b053820f348c407fcbf40f3383a
51df4f726842a7a022012e4652af46522a77c189	ca7a41e949bd4ae28e505a1278baa94c1de70ec9
51ecc09bfb31bf649e8222756ff1ff2a6960f62a	714be29f8869c9fb06c6fe24cad8e0a98a7ca10f
521d96d75178ea03278476838c173232a78dd3e0	2307dce177d09ed79567b4ab83f282eb5e21ff2e
52207d1fca31ed23b3f25fd37b4cd49e133f8945	71073b1f666556c78d296f8b7ee84b5dee41728f
522e8e3e4b6d212f825a5ec6865e4fb2a0778ac9	869aeb6c71c43e16ffcb917bc1e91e485318c603
5237a8bf0ea9464752faa8226edb724f8b7b5b6d	f7b35b577c916a761c9157e94ec211bb72034c37
524b7613946c10f234c71546d099e12ed4d39fc6	029e5be2f68fca1132d4a86089beb1423f7993e2
5265666acc499ac0b8d5a136a92dd331531b2a14	cc7cdcad1bbf9e0362695afd7a97b146a8827cd0
527981eae6b324325edfeae3d05c1ac924c5f7a1	539fca4ab78832863f0f55f470d4478f7339e2db
527f7054e73e3be992e96b8de4e6e7ab4868a827	ffc41e431858db11a66db8e95e09d41acbbd44c6
52836f40c06f72dc8124c1e3117409e8cda7335c	7f0e6fc94cb3400fe8e5900e76d5ff7f98650bfc
52892e7f734712482699ad823dc4a92459032443	8c2c324b16aaab83629ff80a2cff426b616b1b57
52ae20511b7104a41dfa6a4b1fa409a77c2dd7ad	e5ef4bbb386e330e7c01004891ded9121d30f227
52c733b8236ffb3ca7d8da984ae115510fda2a7d	05c4f226122b2f5f4b062f167548ac5b4c192a5b
52cafa5080eb4ed01688d95c2e32e5e257c276ec	07f425da9ab359c4c46721549e9122e47f523e07
52ed281437c20f9140adc704d90f8737fe77a203	decb71731a43a6eeaf4b5bf9aff3f82066ba338f
52f7f467024bfecd42032ef3036466832b82ef95	132f1b5292432df5969be05a0e3ea2cd672686e2
531a3b9e35543b196c9889b7155655c83aa4c921	16bb585363ec7134df4c046133d4583debe6f695
53740a2450891dcd052d20b4f592c4a205b9aecc	09dcd55acd6aca60268d1dc33b442f5d395d7a83
53b852c41ae2dc3c66a6bedd5348ec7ff9ed10f2	90c72c27c3c82a0db7909e948bad86f287edf955
53c353ef2b59125f71ac9241abeed03e70ad6229	9a2d0b73265ff7d57614b77a244e413051a1d0d0
53e2eadc00b061b47e33820ecffc73f2104dcf63	7d5cfcd2e470ee2b0a7d886e98bfef261f5d6e58
53e47d4749df0b111d8ef19e04bdea9cf9b0b9d7	07836c8545bd2c24715af880afdb41a2bd852052
545512844b5c402f90938d78f0c4b8c4dea6b9c5	945dd6ccbb923d00c8afaeb9ec84bef844964076
54dfef9ecfbed1dd5544eb975646dc0eeae923ee	5659f6223d7198d17e516597cfe4705bc029215c
550d08de3be17b8a87f503c78afbf55580c002d8	f7cfd3ee33ff7ee3e3a4047d0bdd6372c15a80e3
552bac3e5fb24c393a34ccf68435e91a977a759b	659fbbca86ab43ef4678d6410260f223e1c06bde
552cfc08d88a1669450106356ec550c3671754de	9ed057ded4d6c32b87873e0afa2fe75d4786959e
5536703100a0a31ce49bf52cd7cc9ffcc03bf2ab	8fa19f853a91d6b747c7bb8122e0b17cc159612d
5595f007a05e52afb0c265ba37ea4cd19541b41b	41c01578920cea5421bf33ef9e28fce86e599430
5598c71701155273956ea0fdb7a9ac02d76da611	d830c42ec6b4a1fb80cb8d670f2f328a1aff262b
56342c29d313077ba1dbbec0ddcbe78e822e2168	7c839f34722f4d91eb356b653a8ca60b0bb5a4b7
563612f80671de900a5c90a6840daed96555fffc	917e2e8daefffbc366cceb8f75273689ac0e2595
5653c70c67a9ef107275c3305d0e3513c5315eb3	555055fc504dda51b2d94f779a031fa272b60167
5664b928223deaae5ab61fad3bd471e6b6c802e0	309e6e19131427808c427e620636da86c5a69a10
579ea4e63364b157155eb52a59d2c40147f5ecf8	1c4980a1b1e7abb9afaeb20f76bd8a3f5934f1f6
57afce50710e6b5cdf817b4d69961472fb409098	c005020a8eb8929bac3c5502ae5750d26bd49551
57e477a6410c2a334c466de205ff22ddfc9871a1	8cf52ab941fc54be785007bf9b2cafd071e85c36
582324d5bb2c4584c1279a0d764eefba4454dff6	8212d795f2388d09592c1aa9900514ff4a9349cd
587054fb01de958381fec601cc2806068199edcc	3a03f0951bcc32207437b0848787f79e65fd363d
58ccdb40bb41b9c05eea5319cbfc51699624dfc0	ed41cc55f133b160a070d8f977b400c832b8585b
5911b3624c39456d7016519701bbeb274ec0d4db	034fe71ab4d46cdab692ac214c9f970fd25522e5
591daed7858d82b48108bc324a3848589cadf658	4d0803084c582b7642d1626c92c5a83b534b71f7
5923a07e963603da20d5df5827f3b91f88ea0038	ce37788957c47166c5edaa489cbc07252c7813c8
592cfe920afc707f6a26516db07a0eccbb58f195	ad04d31e77db2606d805a1cdcbc8d9853a795e3d
595ef50c6283356aefca2eb1f0d3503e22152169	e49cc3fccba3450a2b4860eef378a3a017ae6e0b
597eca7fc40ff6a5bf9787d2afe3c036258d1aa4	7e6c840abcef9ee063dea640c5ec5f008d9dfbfa
5a3fe479870deb82fadb13a8438bec85286a919c	47c35e239fa920bdd9fbcfc6b8f0f396a7237ffb
5a555825cfd7357148d21b207d940a1d1ec287ed	193d68c7ebc619b19b726d6dae879f31853d3670
5a760a314c6dfd82b3d6e6299a03228698397c8f	fcf1c710f42f6842c2e69e78da84d8d5b17866d1
5aa42d57ba6fbb24fd86c7c6608d639981138576	9ab0dd45a4e534f3c2b1ce453a0524f714e7977b
5aaeaaea9d1856b0cc24ef6de0e07e8c8f72c330	4c50d3a25db42c550b813eb8009298a6add18439
5abafba90aa9078b23d045ea53d1882be0b45c4b	80a43f24b578013704b023694cfc9c9477fc3313
5af3d443893679c5c10ad2886caaf44e448b5733	39611e078c2b3f29b232aff76ba04c1114a081ee
5afc6d09d6c9fb7d3d418380466eb98882d2dba2	a56fbb2500d979766ccb2e2c3150f2280a43e15d
5b1e1afe9baebda772da53c690a79abb3ecd3dd8	9bb056ab9fb9925c4da43753aa818b078309adcf
5b452e6d396ad6638b959159195f599a4f457cbe	b571c59636ec7c7ba350915ce1c41535bf89e1f9
5bade7045785e2ccc37c7c455ff41a0374f94fc0	004431bcc3a567a71064856e1c8d9631efd49a7d
5bf31ad19c2b2e0c52b7499397e770c72f6a7d0b	8ce5c908c2972edec155c9fbc09814020b543e95
5bf483cc0caa4908534f6d6fc63429a5466c2915	ba81326f6e365242a8e25fdd52f6417e4fd159eb
5c30288f2c465f92dbe78125a5d8e77747b479e2	9dc17855b7961146a0fc1f1e82f7d38282064de5
5c8a4108740cd62f7aa9cb98baf88394a93809da	86a30ddcfb2bf5dde4db9e2b802b82149159a552
5ca5b3cfbfa7d10d1b44a36f3513e65925b01802	502afee5feee1e888863369903a5a503ce377a37
5d0456fc2979c73643a3fed499cfad0607805b9d	0985737bb52ee734b543b02bbad0edcc15aa014b
5d09d62ab577ccb9974ad3ee39bb95fe34da0381	6612c77056662fdd365594c3dafb7a4f8ac6d97c
5d1ddbb233e345cc0be1b53ee24527562d79c587	14ff5b12e08ef654466faf178bb926b71143434f
5d1f3a8f56129759c21f5f47be995a38ca1c5341	b8636ea663729f9e251fa83e4f3211c18b34d159
5d2a01e918f2c6264d9a51a550a75d9a70a0ae63	b5781f16f07768651ec3f9fb583ae3cc348e80d2
5da5655f829fa81b4a556f7c2a92ff40cf32bd4b	ce42d160ccfd0e1d852bf7328d10b64d221da561
5e7d5e8a0ddf93ad09ece9c762656e6a1a37efaa	89ed457fff6271f8477ff27265acce74d1292a07
5ef6265a7c0e85d8a4676f96abda953e7e41d0e4	2e65dda06f59b9a33c84f9ce3e4d77e59443c42b
5ef7389256f6915805842b285163ec845b1ca859	fed73c2838e800c0b6d0fc3c7dbe1a72babc4178
5eff134bfa765baeca2acbfc4a1d3f095d0f9c10	8d1e7974b85515e8298a446166eaedfef2acfdee
5f3edb4b88954d19920b8ea3875d36db3d208ad9	7e12d6e936c38bc77a7039be3ba7d74a6399ff63
5fb424a996dde12d08cbc6830656acd2d21c540f	e525145b120c230bc00e946590294bd786cb127b
5fe1292d666876ed0c83cb08e26f73951a031f09	b3afeaf129b6b0ad5ae05c355f039ea6c3cd2404
6010d4ebe83323743e07cf278d7be9aeb517b5b0	85374b17ebee0830f081b6ebd172a4be7087ad76
602f083b18512e98c01e47548ef1f1651a599257	170d7e1d75f19765ed5af76f344921e6a5544786
6069e15a5794ee897448524049f44ce1eaae5952	e80f8ba9338b757f03fd8b329a237183e08fe5ea
61246971aeed38c910d678889f5e41edfef737de	4a5de78630cb363d13c378b06b049c1b91596ddc
612bf1518106d51809274c98c45836e5d9d06952	ec15ecb006aa86e3ead18df5ae19eb4a4abde521
61550dad037a3708ad1a51a8afef350c90343c19	2afb873f3163509e5eef22eba8470c7326ffd718
6183c2cf35be66fe5c8f920ade12c2961bfd6525	f7e95986b6f25c2c990040b33d223da882925577
618506f00f063bcd0e48340423f05dd8039653c2	2e43b1a867980b6acc08fd8a64883ddc321b6855
619f171640960df9876bad581ec11494138623da	ab85d9463daa962e92e8469af4e48c0e09c55883
61cea1c8fd816ee687e5ebd1e55df8e0964b3a71	5ad19bc083a449ae68268a3f5ee061826613d698
61d14ca4e2508321958be4a700c6157a95f646d3	222a253393c7cee1c0af6e7247775f2e95787850
61e56d3190a5942c66d55dcda8d0ce352833983e	6e1eb4fc1836b97edf7bff5afef0e4ed6f16d1c0
61f9adc58725e9f70ed545d559c09832256ab35e	593e77b16677f1ed37af7a2457d7e2b9ac366d3b
624c6785a67efdcba9314bb628a6e77ad9997971	e32780b2747fc0038ff946344b0efc7bfcd59f3d
62abae49b530abba1e37365cade3cde531cd0218	813ed0f81b5997a85cd6117bd934bc5718ae19b7
62b0f213874187ec2db2112be8ca0f60f06345a1	3af5c597e0409b632034bbed9bf822b6bf46f58a
62b64bf14b925c75da078097c2b5483c3db5ff3f	40ef53c34d633d091e35a7158163c3d0221fb860
62b7c794e1fcfad112e47824b245e727902aaee0	2ff5635f402a5e2492b122b283599ccbc4144967
631c9fbbf93f25690f200887808989f7bc205905	b8525b5056bcdece5a9f1cdfb940ff6f8711ea00
6332d89b8cc44515aaaf73d853752ef39c696fef	eaabb82b04e32d922c69956d11bcd2188cd8ee08
63684e023043114e1cde69947d84bc648eb5df8d	26a3e2ac0e553b35c17216d2d91ee7d5d9c529ee
6382aff9cc8b21d77a9e9385263dfd56a15146fd	e7a1ee5756dc1eceacb95c87dc2a18123874f913
63ba94fdbeac6f8ba895f3bbfae17bf5ad2fa079	c04b61d7d9c29d59e166283db1a41b72af45a01c
63d699a92a7b8c513216ff39a40cb062d60c3512	dbee12e594e61cb45caa1ed9e3709ff0e7acb713
63d75142e9ea7d149b7ec08815d225ed42012aa8	c7e7b40ebbc92f07bb038e0691bbc2be4b0050bd
63f0fca9a867f816fee0489538edcdb25619008a	5fbc09bc5fe7579f64ea54db68f7114889cf8a10
642fb9839ecfb676edd99e5cd2dfe8e98c7f9a75	81a9a8558da18a05678b181d6c19d28e98fa7abb
646af95f8c2c2f5f31c6e4a870b9cf45b515e9dd	f7dfbb86f566c8a1f35d376b56ac17aa797094fe
647dbdc3180d4437a55e9644d31e35a08c49d115	966d1a5c1182b9ccea6cbe68ff896684f6a0e252
649ca31c12072c6f96330c5a3a6d6e2865106495	067ec3422b49a31b2eb356c80c124bc8303e93ee
64a313e8992afd781dddf5f1856f99878b8852d3	141e242315ce7566ba50ca5244708d5beedafc38
64d29a4e08357c69eb7af1b1df4cd08a56a5bab7	c2baa043b3ec9b95e541d26e364bdd1d53936dc5
64d45ef81b6ce09122440ad7615ec982389f7cbc	25028cc4bb4a121fb3fd072a57978ab60d6c9408
651aa376f76be765b3d7d0739d6453a4d1483e40	2c688878d8e6e62cea4987cbdd9b7e18c49649fb
654ec36f3bca995526a282c2c91181fe3010c87e	ecedb32b91e75e850b9ccfd0c1936db54ff87149
65608822b982b53af8a583086680b5fb813b633c	383107e9dcaf2c928aec9ff582807857a55f3477
656aecfacb752849758d358e1083537327ad7c3c	909528e487884fcb86446eab622b71da78011908
66511c76114b806b78a60bffcf04dd87a19106a0	6859047db300bf851d937b2475b6483dee2230d8
66898e4be9bc161b94e1ae80d5225b83c35ab7ee	d2413e3e781d5dbea698612c11b00aaadff8a084
66b19fbf8f0036bcf987743989613628e7a99586	528b7a1b0e91edda6b8b9c0c74528dd13dd6b192
66ce4d45eb74b96c249a082d5b25beebfa21550d	a7b6bf75bdf47d7f3fddb15993dd694043a8b702
66d0944c2980e5aa680e73b635a77349042d713e	e7ded8b2df117bfba5cbc3aa5d4d4b5306e64979
6703056d7ee05626521caba6a2e7a33607485d40	3f9492b9c5028a4cbc32f00bd88d3c30401faa34
67082c523d85eecb6be3c69a7577ed720b32a776	bf84de481c0a48f55e563cbaadf8d0614c0447c6
675a99c4e30ff8bf0b408c7ff795e234e8481e23	32056e05e50f28b13e4dff78e025a428eb6da8e7
6781cb7724bf53706e8ce7de400c24ae56dc837e	5d9f14b7952ec34a911588434715775499cff1f1
679215a42410b7e3cce4fa57483113734625157b	31a8082da027c4843f8a8cef434f2bde61c5d23f
6792fd7bb3bd33cc4b7bf0bb44e18b11603029f7	fa86fecb44832bae9b40601d9e611c84b2b85142
67dc11ddeb1c07c13bc66d8bd7fe125b35553a72	635db926ad0824394b572cee3f80da041d9b5660
68418cea4349fcca28ae7b3598e78c6040095cdd	fea7e53408e01e652c477da542f608b0afd418be
6871f3dfab300a2cb8fa2d4f4f47c77f8583f513	c7d17b8c052864d04c5e9f8fcd857b395b8d1d45
6879eef2aa691e770901f68f8ecddda38870e9f0	ea971600cdbf39fc8f3647496270c8431b488d42
68906a8ad176ad6db5e22b512a8e64d11d46d61f	1db932d6f5cf74c3484cc9f1aa807293d907cd19
68e0dfb200dfa56be3057e35518e6f03d0fc2005	fcf7cafd36c87d6eb8bd8a687b4cab3991244aaa
68fea68d357cf1f7d4360f115ff15c48b3bfccae	2375aa2418dcea0f307c6990e080808730bd0d1a
69319e77c69d743f6e2ef731642c5971ad48debf	387e22401f6b8ea6e5122f6829af67fa50fd777c
69737e09f50511eb77fe3c2e0abcce923c8d8d79	1ef73e6907cc6c0d768d910eca8fc014f35c7fbb
6980f488758aadd1f1e7c16ed628fbcb86dac65c	0c94de6654256fa48b75a1da251eea5c8c56e40d
6992fd89a37123db0bd8c1280b37ce04858f3cfd	8ce75f0e5f3d8db4609e5b4292624aa6a46e9971
69a007a0b3ec5ff6c5be1c2f7856a3e4470a9a41	a69a2bd4c7a009061bb42ea417e6a4865437ef84
69be29d743aa3bb415dffc2e94971ae9a12c30f4	ea0f2517eb329a77443e351a6edd46df85f17162
69fdfb5b3a543710c16f2d34c48a09e2212756af	6f059909690b0d176d6bac22f815dbcf0927558f
6a1b930efb082ae586db2df22855b30e5ab0409a	d019042e1c0061cf88eb2abe901f03c8f884942c
6a1bfe4ea7ce13c1314f4c5eb5ffad41342acb6d	37882475bb91286085c0f3627b6a64e43f60f074
6a5d2740d047f2480a93f7d258bb0db6f6f6ab6b	b4ae342803c5384427b71e39a7157329ba05ed1b
6a5e126d14bc21d3e35f8131533f5e9096f17072	f338d25578935a8b148d13f44bcc20a0dbcf2966
6afd47985a10b725cea9e108952a7c4819ae6004	64b3eaeeb9c54cd975e9d3ca958dbd156f5b75e2
6b8e5dc5883d0c167785f5c3c431e81b0ffcb806	50d18fc621e52e1992670d50774af77da19e3c54
6ba03d0643460759ff1162676b9b044e2ce1250d	218b4c1ccd387127844e7c97ac31638508484af9
6bb9a5a0ec9e8abd070b42d8286922b3a64355ff	e2f5b2e4f66bbebe6651d9f209d262434c3b4855
6bdde5455d2f9f59b638cb850aa74457fa62222e	458ca2cf40204f89336b1f9ec55a844bd99f4706
6c98cfa78f44133b494ebdbd8712073345ffee43	d71ff2f29cc5b99152ccc78b0fb84cf3057aeb0e
6cafd5d70212b4fa1e367147a1b6266e4c2ecfd4	01dceee40c80510a2c0dc7f8c87e019d49a3d7f7
6cf1ddb6f215930ad524d2f08c2f9a4bd3408f0f	abe2579ea754b4d83aae0ddfaf41989dbc6759ff
6d13519519971fa8ce18f3f157751fb84688a2e4	c27d6feee8d75f4c2322ef265109f05c6fe0aebe
6d3019e159c58a5c8c3783ee535348209a47503d	4ce5195a5bc9ef529e7a40d3f3f1f439aa901d12
6e51c1ea4988229b92e59ec56a47fa982229c359	8f57eef19c2aa276653af92fe903fba303d76c4a
6e66618f9bbb6bfa390b277502b5cd447444d36e	c5638611de43a0c44088c766ebc4e38802c6c456
6e75eec492b46015e128309e00485b8fe729f924	b9035434c9aa09435ff2fb238742309ec82c8ccf
6e9ec526fa4d3c3b322ebd2ac34939dfc5200ae9	83275ba4d3f81276c18986ebab6588bd1f61e6ca
6ec83ae4120257177bb023d605338ba429c3b200	c044804b7a3f2fb4c38a5854dfafb10e9a8ca177
6f09db823ad778b19d1ce3272bdad194851e342f	fd5584d3b9ef03ab212604bb1d11c039bee63051
6f2ae33dfa22d0dd271c23d10b945e9b5d1ae8d4	eb20a4b39de13a88fa278935a0fe826b610aa98c
6f2ee8759e48333ef0dc2bcc266693770bb6822f	329c7ccc05c4e5d76407ca12a76d3fb0970ebad5
6f2eec844a5e964f5dbfbb53afefb8231ab28a54	c5082a9bc919316ee113c68d9ad0ad5abb2f392e
6f441cdae8b2ea2edf74e6bbfa06ad1b3541c8e4	fd67211cd4a46279e6fdb7d32593300ae518894d
6f5a4c305360a8eda18ef85e45f3796e5657dfb6	a8f6d373e11025c38441d1f6d50aef9663daf9b0
6fc5cf6e393535df1ce08208902145670bc279a8	591fa3f246764320a96c39d2565a5f2f07b29053
7017f220a3ef76edccad7dc77b6c17bfb9178d4b	5721cc4c6220d6b2152d9df095d11fa5571e3403
702027e9e7ca531e417d6ef0ae48fbb03da10db6	be6b97ada855f500f32defbbd06d60b3cc47c119
702bfe213a0d3cc274bedf423ae32b3612bbf4e7	7dbd7f9f0da73c774855f401cd65288949e1343b
703604e63156f3e6ad5e88f9b50df08f788b35ff	bee0941edc1de7d5b3aea73ae4a8ed9145fdbcb7
704a03ff41e8aa8f213e7cd7c7c5a5f6081a64f5	31c9a55e6982c617db3406366125551a620f72c8
709d17b3abc72b12f3a828f36f9cccf807ef8b50	b4aa1a6d27bfde2f54e0e5d2201ea73229a51dff
70a4f9dfc720de8b63a91e51c067105909a003e5	b464baed96dbe0bb4c1199c091eb57ec19608797
70a938634badff34fa51280c3297416333795446	48c27b41dd4b4fbb51b5317ab109556a0a363a97
710e673482f26c385c5e41f8fe505110d9fd6caa	5d95a88d745121f78c3634b4aba1f093a4b11e70
718dc3e346a6f4bb24765a780b0333df600b2c69	e320adcddd5987a201c8a5a8431995e3c856e7bb
7217c5d8bf7f77c359c0fab19744020d1b22f9f5	f8e4f64acc132b9e821db5bbebf05243492865c6
721b0fb28a2ee64a9faa09a4d2e962e772d4d1b1	e2aca306a48b1dda44cee0e0fa40f390fd6c8a4a
72373fce4b6fca2c9477535cdbe1e146a87907f1	9dfb340de5a1e6fe213a821c8958e7ecf0fe701f
723ddc66752bda1e7661a115d9a9652cfe994dad	1eb337f3fd8ab4b9c3592d805c786cce955a1cd1
7273db0e0230c96c71931a92b416a460760a6821	27c99347acfff3a423ad9cb7167587034209098a
72c846eda9d68dda642f262da27b20a195674720	293b9aacb28353a56ab8fed343b75341bd0c0658
72e93aee3b02770e728bd8d85b6cf30e72bc9450	a5ac64f621b86fe90ffc65ca3ddc475cfa1cefe9
7306a03af05f4ae474920057dd5254face0da270	70659d894295e7368e47da08f02761c2de85724f
7325dbf9e959286203636ba450b21e6e8133e3b8	a1fd6cc4c3aabde6a846d653470ec87e851d8ae1
7357a8c670e1f531c33f6333234c83b6314c1515	1ed5ed6467b8b6610a830d25892a9c2bdc5b4fa4
7364f2b30eb622a890617801d20949cedab13558	06a116e154460ef060e5609c857d0eb2f52f782d
7391f9baf29815f0686fd8ef1dc5f15c1d99edce	1edd80860e412e2dbce2927601d355484370f98e
742cc8293dfde1b4fdf044807403607a51231329	f00595c817e63505c77d1dd7b34e353edbb5cfa9
74404fe27389d98553c81dd8dc9498f0f8d6df49	e6ed11b9121443e1bb8b9677458dfcf638ef7403
74803638b42ab608c80dc15ed64dc02d670345ca	de24046c2c142a0ef532459dbc190703c029674f
74a5dcd95136095401a98121070d0841ecc33438	4cd951ad5424be0e7751705725e6f9cdf87b4033
74eca4ced44acca0c8a26246623b3659e0777fab	2573329b678eff255659835f11f8fc04425899ef
74f383691ba9a211cc418aaebc4543a54a0a6914	7cab260d2967b531cf047fe6b851d4cbb22ff8fc
752f16527d8fa053de7ece7026b62bf138ddbe7f	20d039bdb2277f29b41549925db2bd3a2e7c2c9e
7574b4cd726ec7c62979d097517f99a389afa5fb	5c54a87b280c645201fbb63064d9d826af1b068c
75c722bc696c63a5430012ccb182b83206133711	2996461219f9671c6b8cf5ba5d8b24f3e1c3a15d
75efc88304880306c2ef45f187d480b17aa4f195	db42a433c16398893af1e3efcba435e835b77657
762a259268305a57b99c2322d5afb08d215aabb8	e1cf7be87493a83191cf225d2f4c14042c961297
762b1873a63c1679252e101a8cd04e74befa414c	ca8708f548383ff0f0678efe8af299a7e9e98029
76330aa818b3a6588a6013591a841909a0824353	faaa3fc94c96bba9c63d3df6394d19bfdae5a265
7646426ccb5913a70d9c25dc049d41d78b79ffb9	6c3077c69cc09a521b1d5a0ba90c8c9b11d80cbe
7652e900106faabd0ac85f7ad2c993fe822bbb76	b9baea799bfc5c99f4f44066d51e6262201eeb1f
766d8a2548d53fa6da040690305138050fc56e2b	0953989191eb822d4ab7311872b53ef4349c319c
76a36cf1a7ad498a6991244d9365c1c67224a8cd	8df7234c1baadec6e260f8ca0d36a0cf8c68b820
76e10bb143f6ee5e0f20b0c45f915d52879b07a5	3551448ba721a76172b7fb5f6234c2d920d7970d
7729ba73f789bae0f81b6ff695426d1710828fad	4e70819bcf9074c67c4c8934a3b7a56cca88667a
77330dec0aa44e956c780ae741400996d124e251	7ab3a39cbce4b06b963076d6ae8ae9bb2eb4424a
7756e9d95051b61a6a7ea4979aacec359eb7108c	605c94f94dddfd3364555085e56ee1805c19395e
776dc1d3aaba105b6c68a0e98d03eefbe8807cca	7de13837f437876a485f533ffc73c10f73ce531b
7774a7abc7d167c668ba320610e6b43cbd468000	4999576091cd97aaa1d82292a002a4560958fc7c
77c4163516cc09b0716b8ddd5ba3ffcbf7b40b62	4799ac3473d71112b8d80e2847dc5c544a6e3f38
77ea033c8c2fd7e5d3e6efce5d9a38a75b6858e2	a0eef3d9a54b2cb2d3b5aa77b1eafd580a0108a9
7816b2404d7151e776cbd6606bfe5a41f4955c51	57b93ee58d28151942bba9e9d128fe5af05867dc
7829eda194047daa17de5794142e81bacc836d5a	70a2faaa311cb17699e27a2eabd421a81f586404
78356eec7aa65ed74e41d08e962a4eda3a7b8ef5	c55b84be3dc7c6e46403a837ce967ac7d77044b3
78396f1d347baa8b32115a3f125603b24c647ee8	b3eb5d5230af369e0f43bb345e33fae17f6b5f3a
783ac72ef1672b6c227cf6c516c92cb59c35a94e	b98ff55da58291714528aea2636677d520d390aa
786f26fad5c8c1f8efdae77c534120119382d0c5	1a77f054498b9fa1b6a6e1515e294782ee35fcfa
78ab07098001d2be0ddc96ff1ba4633464ee1079	776554b132ab9747de915d125c712298623a2b8e
78e9cabaf96912db4c2572ab1f39f1ab262b709f	022de2f83a8499bf5dd05220c58c17c7b99d9012
7921a328d14ebc2b22acc6c7167cbb5dac43e11d	db8dbc13a5d626f448b7c6710a1c7e250fa3e210
793d3da1b82da8fc72dd83e7693fac1f6003cc93	92b429e670925752362a5d5f8c35898fa65a928a
794133d985bbf827c99ff9b907323e09adea1f13	7ce687b3f160c6888c3c68ef51eea9c1e107e0a1
794d4748869a9a049197e201caf53c8b43425425	498190e1ae82e10f0351b901d1a63be8a9152c71
799976880bf16e6e367a5e8089525f072d8e3a59	6fdc5be98d81e35045be5818394a831cb3b236f7
799f2a25cc8e9ef1e48b1b134b194b6e2e25da42	f174ae849536afbca8272bfc3349e89781c0ca28
79d8f233b36381f62a7fe96c6b0a045d31d3c898	2c8ea2694d454b2be42da48c6f135cf517667dfb
79f78a75d0ee411cf32375329a7cb854f2db8089	17de5b03d0f0b0656c7e4af2b1a30e72b3c1ad02
79fc952f796be68aa1bba6c10aedb25da3f55008	9e97999dcd87d576f753e00f8c2d14083ab1ef7c
7a80172bad0c8f1d2efd1be4090444c805707d97	d738461786c82aca1209d91511f8fe5a55714bf8
7adbca81be9e627bdc33f90a06361da265770fed	d8d447d59320b771ae1cae9aec0c394946a4341a
7b63f7f4a5c9fbf71e0d4a4f18d7658e3ec183fb	59009be5119b4dccc45ba1fff2812737f4cf5f33
7b6435afbaf66db827541e152cec506518f2bc62	bf6c0a0908de977e775cb8a5375d2bbafa7f58a3
7b8217296a5d2795f9ef3eafd82111942713e32a	abae9491143aeb7c92318622b074ba97bb981709
7bc8c316a708d0228c50a5c23d8c83d56bc386bd	4fa8211016ef1d75972efae249a620d291ad751a
7be3a0277342222b2b04e080bbaac00e77e2329a	a0586cfbe8d5f9ff404ffa275fec989c11c4cf7e
7c128f888746eba2a62a4d65122e01e113eda212	f0083d2a85cd57e58e63b332ab019d4cfaa81a85
7c7574a1cba3be33a11e3c6488dc934c1473d631	cf682e833a670bf0e2629232a203a9c8d14fb0cf
7cd6bb1522b03b35919bf48b7ab96b8b803ec6cd	fc5d4b46b79c6366639ba2b99b9de0bb65f380ae
7cfc8bbbf405812f714431e3500af07a46b4d64a	309f5a468e3c49561a728c4cedcaa2a014dfb4b2
7d328f025b95922520e0cbc1906aada1dca3ba0e	427cbd583385fbba132fb89b89d7241ba095a3bb
7d557fffe00e5fc50659ce1d88fa71645efd421b	7144d549bbbb4206f5b02387610ed47e98f7d368
7d621171d33b49c64d44028afc442acfda95986f	9509776f3914ec6c4c7e52a56e2e18c2df38d0b2
7d6edecea3d2d63f9b94f1970e8e420a15952932	abe5f529a383eb2cc599009eebeb7e6b14b59a3a
7da76f9f12d5f157b84f85dd132ba86b9b92c145	c64b5e0c414f3ddfa554b5fb60f99fc630e517e1
7da97fee6a5d52e9ba4f7955157adf9d58b3aff9	540324df67ad95498ae853b22f78f9c60f8ff342
7dfb662d0b575d62d2e536414ae58499ac35a0e6	e10ca7bf5cf2e39c20e40ba81d9b236d3ed9b73a
7e048cb758c329fb5b7b56aece5d744c61549353	b474607d39760f13d72ed6d8ab91c65df77caeae
7e50df4b2547aa15f481483df70b13458af955f4	a901d47318accae70adf9938ad08c56c05863a60
7e5c54c5d8ccf1ffdbf61184898d05d455318682	c6c8e79238f21bdd72a27ff4e1ed314916c01d15
7ed452c5aad591ee37b930c44f2fcb3d6ade8aa2	5c0a6c8893b06b68791cfcc4f5128297ec9ca0db
7f8300c2c439c816bf9ed49dc23e45cfa4607d98	f889bb16fdcac8e2c573487ed6cf9bfcbc8180ba
7f95f7963bbf8616a33bfceb6f8e66d89549ddc7	08d81a6f24ec7e3ec6d2bc9e371bb0a945c0ecf9
7fb5e076c5a505ffb40e12fdd07235f1d1d04f81	40ea961265f07a9cf6789340377ee69c50412f79
7fcb2e6efa64c404783029e8a7a2ccc2b7b2c18b	81a6ca84b666d5077bfdeb2c464c9a2d34628277
805cf4e6af21814c0074757c9a7f23bb61be658b	c57c16e2bc9d5865db9ac6f7578456221317f152
808dcf93b80b966f37c79b478f1ac540c573937e	d38c14fe323f571b127287fef5540c745383fd2c
80be6461f8de48039f824e98c536bf118ca3001f	430dc1a5c2df80da2f06eeb9585c3a5b603e5a7c
810d266dec7a03d7f098c66e52b3c670a8d7fd0e	705ce121c49f0d9a8ea3fae3096436fda0fc5615
816d364981f5e7f9ef760b4e0110538911343866	419e769c9c9b4389d03a75af7c341bb0048c3975
819e9529f4dbf008280754dcdfe7e007b64f4a01	8f4aae5c9129dc2ff4e047711372b13a515202ef
826db3a01d14ecbe5c316a7bc5c5e19259e01b6e	a63bd58a1fc7e803ad11677d77a34fd5ae280c39
8291ecdd454ac4c1d49a62a3169bd54296e854cf	f4b45e4f90124af33f1f1cad666c08343966913b
82ba1f430e34fa2d30a1d313431d451703cf9052	d548885b8d3d6cf5602243ac056e8b50f4f40a24
8387a346106c8fc283befa8c5559eaf385dcf3b4	b6f117786c9fc7bb7caa5801925a3417266d16c3
83b0e68b9bfe7edb6c928715aff66e44e6768363	4d2407186e0c349010b4fda1fa42494c914b6904
8418fb5fed0eff6f16dbd9fe71510ca82284cb51	ab5d3b0986ff65c8d49866ad7f0307b571b37dd0
841a407e5d022ebc1549da6f0418dd9ee3e180cd	c77c64076e7e8561a3e759b0988a0d6a9ec83433
842af886dd205085a043d10a58bf10ee8536ffdd	cf3eb98fc51a0cf10a94d326ff9bc9bb79149b10
84e14573fbf01cad778be7a8a8869578cea8161a	a3809e3d0b3f69a5ae6e1aa9f774cf7184dfa466
84e2297fa1f31fe7480c55ac95dc9cbba9cd5d92	d197983fbaae43c799c4a447b91b648ed440c220
8571531ceaf08e404aee5b50d6a937ba4f38d81a	aa0f31cce2e05d8de137eabe53e0666da1816f4d
85a1272749301c8fbc75a643f150094daaad72dc	a48bc35420e07f47c5bdbade6df47dc096a08ec1
85a36cd5c26fe92bb747cfc0d4b0b37f71fee9f6	d4cc3ab92b81d26dbcc120a23dcbb75c0e92531e
85e2ef9e50e7aacb66120154c2117b4bd1697008	b5c873c9088e8227a0a2a5aa322ac5d6147a3ed2
85f1346fbf234ce7623219dbe9459f011cdb36d4	c4f633edc8c78e9964bd68493ca5413f1509c7dd
8625bfefdcc3245477542a89c526f224b6debf2d	fd54c5005182a7db8358e81831a61276dc744624
8639a11cde083e00b88145a6a258a59b30460a16	aed4f8183691cd247336191820f6171e3a801bba
8659f0043dc22917b9114faf8f4c55cd36c8b50f	49029a5c2ce429a9901d7c746c06e8c5ae735485
86cf4b5b25145900b2e539d47e15f68c7940b65e	44f4379f3ebd0cfeaf37603f88a38142455c1d52
8702a176dd90f13ec280e889cd38f3500317f1b8	11de83f740c123cf88034327760524e3f651682d
8720097438cd4a41d85efd18d5686fa863a4a225	2e51678d48c4f6d42675670abd3a6a34b3d5bc5b
87cdda46134d1e3837c14cd49fe92a55ebd1a751	188538497827bcd72220d3934dd8d8ac34563145
87f736cd17f8a7f9a9737b26dff9d6933f1f4d01	d2c2128a6d84495e7783d92344f50fa62663239f
88055dc8618ed146f27eae17cbd857fc7a4f31eb	ff2957a169700a81a6a445428f764345971c8727
8820d30b02416a3baf0a29f776b7b3dce2637dc1	22ac63687f1e4f9e86d50cdf97eae84179e6cf29
883e74b2b0f0ed740843cf21dc787f7e92615486	ead4926279c012ea32190bf4288110d90e7e6d58
888e0e37c5600c4501383ff2eaeac96aa52995f7	8f7e2fd1dcc0bd431a7332e84cf51cfaaddffbbc
889e91b3931e292a9651f65bfe6d6ead1872acd2	e0f83c23000509ea1d9dea130b4e9eaf87b7013f
889fb2acb455f7500ca5c05718008ab79f0bc5c0	b7d0ab4bed9300cc098631ea4df05a0c0983e76b
88a1cbfff65eec7e6c3d70c18ab691d183bc3c08	6d408fe8387c62857ff77fb47ddcd7d796d4875d
88abd96e3e8d72f9c467fdbb4a7a72162553fdd7	104c992c3091f2a12da5cd20da5a6ad32691b95b
88c01b4bdec28b602fc167b9c0d9c25a2543d915	6f4e6dfd45ef821d83acc432c04d9f7491187417
88c470b35346b49bb1b0f1375038563f573676a7	dddedbaaa262352871a75fa3c8ebaf6387881c9c
8919bb210029000b17aafca4b2ff862d443ddfa6	3d2796ec22cfd9ce5b02bdd3b518f5b77a66d862
89281d85a58881b23ec427cf0817ca2948a6462f	221758d127c9744511325543a3780e4ca4fd7c4c
896b24d5f6767ddf7d1b4eacaaba43777674f986	c4373f8ca53b83236ecb83437d1ae9aa77394715
8978d1856befffecdfa3d5051ab118b6961218bc	2e7ac2f2a07e5803659dd155be3987d807dff910
89e4836bf7a0ca86b3f30d2b1e15afea27ef9a7c	e1dde8f8c5758d1bfd2df9696b13d9aa607abb20
8a3777d29416b919ba64d614d10b4643563fa843	f947cf1dc5911c70b7cfc713c2c6c5858902ed9b
8a3fd1ef28de9990caa7e331cb58bc2981c44aac	0a50116d93f705d15d3d1efccfa1c8d66c68f8a8
8a4d1d8b25c705169025f808076df674e952db91	e12010cd4af29e19031ceb52cf02e038cc73c7ee
8a7c36eb9fef074ef8ab48dab59fb2440b7fb432	6cb515c9e88689c745923d010d8f05fdf65aa436
8ade1e2b8458ca5201d4e8908c8945e2572abb3d	ae69c77ad1f1ddfe0a88d2fb759b4c2d5ce4fd8c
8afd86edc4bda1de8c8019a843e0117a8a05a511	3b9e939917f19bc3c5dbac50558a16b533f9b05e
8b53de01f6fdd6304b64fff26e68946d9cbf8a27	137f6ecada357e4b873a819189d246ce6a812b00
8b7272f852c0b56c324a72e60ae40691a7453f5f	4096cfb1b9e56ba3d77e6637b5c017835f2ab11f
8ba2af82fcef52185f73aec4d190df5d1f37ddf1	8b91c0b863ade6c3f4ea9dc380f698c4212b10be
8bda1b38f61891cc1701bd8a34a87254f92a0073	fb7a4d61adcdc29de6f43bf9ca71f887fc8bb447
8c236a060a86d3cf08b46e27b16c2fc87726a0dd	6c5207b4af9d684d29fdb7820b743403e181bf8b
8c494834c0a95131812ba0c8be915ad1693b8425	31b56e1d0b04cd46d84073b0ceb797990885b4b8
8c9b59ca1cec8bb77059fd84371b9470c3be08c0	f1db7140857d7f21702c03e9e82ba85ef92a1624
8c9d2a0c33f471193dfb1f425e0235736e2c13f9	9af2334657b478cd4360ad047ac59db47f6c4900
8cae2c4cc0d1d180adf8be1db052ede910708cfa	ce00c2226cac7233018ae260749b45b46bcde444
8cae90f04888cb93bec8d0d58031072e63975bf0	87ae26d0db93252ad45d33571f72ddfa7bfac576
8ce2442036967a5e393996efeaa6ec357159a5d7	0c117d63b75a5780c9aacaea5a71ab0304d05bd5
8ce987ec40393da7af0d9340ddda55f6b7e312b3	e4229665f04762a783bf39174a158c60c4bf7c31
8d3389a2d9d9cf5338f5f806d424cba48d153f78	03e52dae4ad7c94e6c6e3c5db68eb266d6d33a31
8d37e8aa8a4ca21436979c789621f6103d877bb4	ebe8c9ebe25446b9e2d7b0206483b1698c17d89a
8d3a0b71aa6aa89501f273d65164b7d2962f92cc	090c7284ebf0f8ef3cfa86b9bea590b798c87dcd
8d6cce5bdbf344ece0b52729cd0bbdd117da9932	be0ae9b48ce0a3b389b2de407dc77a3f969feb3e
8dac84efa68dc3ba26cb9a09c17eacd445488733	dd13188c7c9e47204929707a8b8eeb14cdc33919
8db8cde30f9b3228a4ced08f48da408c66fa7c5c	474ece606285cda5fafa8fc29f52e8b73f5353f8
8dda21500e6e9e01cd080cacbc0a7234d57ba656	812c5dcb90be81861d09604c45af2481621c0acd
8ddc96e4deb2880eb7ffb1bcb943c0943c7604c7	35a9b5d1d532915f3bbe8b35f2abdf71271a64d8
8e25a29efd4569fc714fba6c181d831560cea861	4609170a6fbf3f4771d5137af2d00c7873919459
8e78b6a351a0bc5a39f2ede3a98b4186f8440b88	e6c3a3a3b63d81a22d5f3f87d0fc3a1b20df9f50
8edb17c1df8a140d120e1f8a704fa94829a3e258	e17d2acce0a221b73f54217d08d27538cd06103c
8f0faa8579e70819b48299b958f2628d2fe0162c	6f1703de82da1cf77d3832f4b170c0969003fd6c
8f2a1d45e97853d8a733433589622816d322962c	5fa6abfeb51c87471230294b72a0dc8e3a71c44b
8f3f0a21284f7fd3d0206d8532b8dab20ee25955	32a2e8e6264ee2be69dbe98db3bad921188d669e
8f5319eb3c42b4a653ca77b8d86315a0ae9b9501	97501312bd9499ad688c017eb37f7d859c4cb40e
8f7b80e40944196b7b4b40351be84ff78683cdbd	abcfe17d993aa3c4c71ad2477456d870cde1ce62
8fe60a270f6114318282b99feb8f84b37b080829	cb2704aac2985ea7f2dd13c9a10047bbea5123e3
9013ed3a71ca8dde0a29e4fe2d17c8d9247b468e	a7d921a15b78701488be018507ab1ece5e2435f2
9033a922d3dd821306dbc857cfeddbd13c507b58	b96252cd14328cecdd49b999590092a27383ce9a
9043053d83521993f8c4f4237dd80f1eaa7a37d0	1746a1f183b182f626057e192db834d41dd4ecab
9047e6d927f7f23a64c3e0aedfbb41a0796a3a26	ffcd9dd2f6e27528832f7f6651e494b696638a38
90aa294fe76b493d62898513fea140bbdc6f91ef	818272ccaa975dbabaaa6d54e145defa7acfae28
90aee4e9c6786ce3b261fd7fc2908f2c1a7af9d9	20fe237160994e784ef05167f82b478a9931a1bb
90c0d92c05d1035a6538bf864bec5dca986c884f	6b7b9f58a68c59bc1d661f6f66b9a1616e073440
911e738b62679248487c987790af1fe544cf958b	05c3e6d9492c35325c092c3562d1ee2a5cedb807
91744088d35eff80f0c53b1bdd5a046e7158dc7d	ee1b99090af8bed6efacfbebb91c17dfaf03ac5e
9226681d8a93a493e159082945560d80e8663498	c8c320e3a9a10419f736fc0553c872596a6aa903
9264a3da8626658e75eacbb02a14cdaad05ab83f	40c39ce121ab6dd46cfea3a7aa298ea474b19285
9283bfae9ae3025fa7d74cac2ba3200c52693675	afc204faf8daeb345328797b80ef08a270389511
92fac56c80d82b19fa0beca329e4350ae303e6cb	be0175e1ad89b1b45dae8e92d893ba0bd12928fb
9322c17a42f73a1f43405a203ac6bd9b5b8289b3	437bb06bab933fd7b9ecdf042a708cbbbe425d8d
93681e3656b98729653543caf2c79f028d064301	40cb08d170c9802600131c702c75122af4bce03b
9392b67349e998f5ea0d842924f45537d32657ec	5ba65771c47665d674b22fd1b3962338fd6f0d98
93ad32fa57615ef31c3c67679bb0e78c119ec35b	89850711eb38757e298e39439d9cd8c41c142be9
93b0491744163cabb9aaacbafad27206788180b7	d2a7dee8c328c224e5d743c9497d888efb3ef9a5
93c4379a1f47ed00cae77cc23221262b5ea5c427	d958cae6d03af18585c012969257d3577236f854
93f7ee245568d3241b411929baf4d27ca9e582c9	2434ce4970ce1c8421b81113ded729699149c51a
940bcc8ed9ebd62f15c044bef19010542c7248ce	a62889d69e7b387a7a77109fe322cebf73c39c7a
940eb94fed40538beba4c014162e19ffd15d0e7a	3cbdeeb58bc99449e5d7395aadb56ca32b1c6fd7
941986c864279f29f8dd22d2c0e3ddcb387abacd	4ee1b176bd33a1af452e1c8c58bf07639547dc22
94816c91be9c1bdc56cd1d30f5d87f9a006a8082	5af3119f041252dbb050d3c7279cbefc9942db3f
9490e33276418ec1e717788ab3b86c5fcb13beee	a7856cca732f1462cbb4f16025de5ecb94c58298
94c4fe1b76052e6cf993e3df1b485046287a0432	3146d77caff610692a1e3f677e652acd7157ebce
94d4a68a44e09003fa8c38161199b4a01f1130c7	102d2b7ec41481ba90e5343a02c63d2f3817caad
94e492651ec46b5a16d43370c2836f41b2f32503	f9227ce8df5d6b97049888d5a035745405bf19b1
94f551f773e88267d39bad6e9ef0f95a765b7afa	5468cb69b8f31c7128f9b37b365d71f08deff341
9503ed4f1c708c0880ca0aae03a9eecf9a3c9947	bf910d98c2e532bf8374b02598ed501a085bd8e1
9510c68b079b9d781b1c3fde4d5c63cec6a93ce2	8d6a40e10092fdf833e40d50ef75fddeaf3c0e0d
95169ee1d29c0224562490853b5484b3eb30a222	04bbed30c1c69526bf26004ae205c165ac9b989a
95679b02f98aa655ba16331c75cd601653935c9c	5b122404beeeb5f5190a3f15c613dd94195badf6
9570a3f89d1bb227df311b0f82874a767d2b50ed	301a9d99ad8efefe70585e725e85a5f690846cf2
95748c6220b396761abd1989db1b765ab21c3f8d	469a506e18ef2470d0ba1ddc204b1f6b39b324e4
95786a8154c2d5aabb233ba25252759c32023d92	9617a2f1e70c241b5eceaab23eca7cebf8d8f080
95791b022e6ef4c492e6bae204017502b3cc5629	e6edca6820b8e15c9d3f15f4b37e9cddf12f9e21
95b0b39d58b83e9772a22b77ffdc9cfb04851478	3b8300a878b5490aaf6226a565ca01147f4698a3
95c17711d233579af24f5b27f8d158e469536d12	7cca74ab58ebe83d89a5859a55ce59744ecf84f0
95d1f7ca7ce4a9fa931100ceced6e399f77c7a22	1ab28a901f741847e848e866d3c85d62978522b5
95e4e83860a3bb66db69487cccfb88c338c14d2f	f2733f41af4bef5c868bd0c6f06e26b1706ce962
9606960c58d96ccfdae6483feb50d41d6da75ec0	76da48cc845649d744f0333651858d6b8fc01595
960f6279e2e46f30d4c6dd49f472d856c22ecef5	ec470e71796e62cb2e69d04606f799f367bb52ba
96792c1e40425a3f5af8e794b8434051e9472abb	e046e3826d95e41c865ce113383d0385a5d6eed4
967ef52679640c2a576056db9934c7e8fd80489a	b47d7e4cab7e01faa29f2b391535c09e3a16da09
96a3082fc5361670ad5cb160164dbbff4e968213	b7f293a6b148143ead54069d382ee5a61d6fb4e3
96af06ceb74bb64de6ac64b9f3c1bb955b31ec21	931cf09b43b41c005ad1b5585f741e4b1d6efbeb
96b10b2f9ea2e7e2f8f8747cb44bed2d5894280e	bbeb393a3eb6149279370651fcefa19c1aa352d3
96ba05a019e13550f5f33909224d0f23711f9708	203423c22437468e2e21b00a8c4092dfff8cfd71
96f71e8a53fa183e83852e8cf4fd4849a089b973	20b45ac744dcc8f1c04733bb8f68f06e7d0ae608
973dc12c552fb6af0eae1cd8693c994263a02edb	a7ff772c2892f9c57725ff88fd7d922dfb471048
973df1f041eb2cc0763b7cca6e172f42617cbced	7649999e6b82b2c0b7a78f6273773e0ac326397c
977400ede8cfcab1c3935e1814c8f0b898a41951	d86ee3189df05b5cfc79ba5286ff01fafb3f84dc
9776530df16f8bdcc5e22aa879fa29091bb14aac	679d15df0b427b6ffde814fd6796624fb8cb902d
979aaba85d1d0729e39a2f36e1a937b6279d1623	3729416552070268b442f0ea8d711cdb8c5fa738
97d58850972d50555052447b21d628cf27c44b57	f1f2f9c95f900ed239132b83c43511b626c8acb1
97e5f23133957c3e7b447a1c729e56ecccd3a643	85d781a177a05d91bc8733ed114c4142f78c952f
97fe2cb258df6839b81c01ab16d8c7468aebd238	e5ced33acc1199ea4628ef4af7737150ba4df163
98214ba84d8cc9bc388572e7e2486be827b536ef	d4e80b4807c6328bea77e794a4b2f2f1ab4d2f4d
98d82d6c6c14945a05248591d8e3cf98661db6f8	ec6c8c2883ed8e65174d4c8c085f9b9178e473a6
98edb7bc5b2ebf0c5ffa11699ade537f54fde3e0	bb5af26a778bcfed1535373f1e3895e4c297ff52
98ef489c35db62813b6724ac17ff566ed721b8bb	c1bb18c70868d519d0b405a5ad285ca9b606c45f
98f2441434bc52df706122c5f294dc9df2ec5512	185479315bd1f72872f7fcf3b81b1e4e2e3e66f2
99dffadad0c724904c3ce3730dcdf47c9e447c55	242f5b40d413e0ad966a7d45365bd5312f652d9f
9a4005bd594bd91b2c7dc547d164869c727fad0c	bf0b2724fdd8c481d6552b85826b78898a0cef54
9af23eca05adb2ad9f64c11c5ac5ae2732c543b0	a9da8d663f2a41bdab12ef452c7e5a159c5e8811
9b095a07685f6d5fb49025f341af676a5f6292f9	2a747b121b770ac7864e3fd725ba75561696819d
9b0cca100ca613f85314fea7bf3dbf6ceabf1f1a	c9581e5dcf13e086c658642f803cd30097ee629a
9b3aee1d55f3717f33a7d36d7f63e3fa982e00dd	cfa7fe54f451f22ff83cfa20e94dbbe4427e86df
9b3f21325e03ddede9c4a6959cc1c117fa447eba	411f1d9c9543843569341e63f1316bff561d9d64
9b72171448580a15f7007bec0e9749ea685a150f	6c47a1c984c3c5a27a3627e10b33b2b1a76ad298
9b78653575857c231f106ccec9d1182038b971d7	1ce2a6074e97f3ffe09a188268cf67da8c38d1fb
9b8715ce3a09114651cd102146376063adf5ad1e	e08b8f4ed48bc3a5fe84a6b0f513fa1067a0a629
9b9844b453e7014a8bcb4dd91e24eb3a5438e533	c04b389d81a0fcf887ce0e606702b13cc95cc35c
9b99b5cb4c537350dd8d14b8a00bf7f4f6f14aaa	1d6e4f533270c11fe6f2ee0fe97fbc7dd58f3cbe
9b9f6802d238fff40ad0142f95f6565ac5ba6144	3cad68120b6944b31ac484b711b0602b79e7c116
9be230b73871ee3e68a3ec0b6e3be57b409dd8e0	3f904e75feade7737763548acae4db84c8d2bb82
9c0e5dd14180128527c1ad9a1ada106da26e7ae8	3d4ed2518e257f52eb57457edcd80970e2ac1381
9c146c2fe03a26bd10d938dda3fb601e6be8c005	e914d3fab3f9d537ca572e65e1548ca7c21746ba
9c46804e7cc6975b6c2f20c11b6e2d6dd7ba3819	b17de8c0e1d6f37ba64a46f61fe191e35424706b
9c77a44622322a7ad8779e9662383ccd5812c6e0	acc31b2b6c4e73f32ec10cb7b10cf74f74d0c524
9c7cbb2c2e9dfd8cd1474d235b625241be3a5a08	e21ebf46a063fcbcfe3bc0d563e3a3135f76ddac
9cb779f03e0615904ee20f1e62e50225b3ed8cf2	e1328682d006a71e17c45c5396fc118976438efd
9d0f9a62c526aa75d252bc0bc19eec98408ac392	f25a01b11c29287d63ee95d79dc6dc0a65816e9e
9d127514842b11686b50cd8e8bef371de33d9a52	b1b1d4f51fedfcb2d0325a20a8dcade1ae6ca465
9d4fac918e2207e7ea6d9b12061af630800376ee	04331874a7dc8827acd42ecf4666a693a1df2f41
9d69bcea6d943a789ddafa18121873a98e30426e	66cd29b8d3e7dfcb51ae8de39b756f63c1655d62
9dab8744a747689ead53168b8115a53a96fc02e6	114790b071b47810b9eaac7ef8c699d594e26a09
9db2cbb0739971dc7e857a5cb8f9d9a39d52d403	c4d2ec37330ec14eef2232c993c9c5719a5f2855
9dd0e8deb09c46473ac7ba4a2a81dfc3c198d6c9	ea1252acacd4340b31f67679abc195d54372c905
9e02c2f04ed1a6df5b51fdc044a389bae9069aea	0f8acba9524fa135c0fa69e63ace7ff4bae74837
9e07b9b3b9b618f39c8938482b3dce16e1c5021e	b5e3ca5c14444c192f200f80698bbcc5a1e5ce27
9e1f1fd1b73a843c28d8bb1767b9db15a9e855c4	9f4031967c96fb7697317434480afc158e985080
9e20079c1869486d1e450c34c65bbf3d9a4e89c8	48bef35ffdcef247e77b53abc06191f0a510e9ff
9e20aeb63e1aa33b57c88eb569cf726044de947a	3ad3b97ba31ead5337dec2a8a49ddc4d10f648ca
9e28bbbf88bc89ea970a47e3449eb6f35b3cba34	c03276877cbf067b9fa6710950066ec150390739
9eb1df20e2c09005dc28a8d2cb14e7bfce6ff0c7	df6f6d7980c64116999a2097b8b42817ae40d238
9f10a314b065fb98a28f17199544032f301cb3df	be923cdcf16165b73267543f34b8d1089dacd771
9f314963d1f853a3b77aef4d9e94b0196139523a	71f16c8a4d5cd1c9e700a9e04cf7f3df6ba44d49
9f41b48b306e00526c4cacc03c159538e593339c	cdbc52a53bfb97abc1ed0428ac60bc81bd68ad2c
9f813c7a6250da924e68df3f6e4659d7de73cbde	12819c40a210603461d99c2beee356024a1205c6
9fce79eb4ea193f21bfcfa2e8dfe5dafecff04e3	0003bece960990c584dac4bd717d66591ba5e12f
a00c3bdceb14bf3b205a431cb0a21babe9af5383	c3e0411a82f37fb2f8a308fd06e1d0af97b98ee4
a05797c85ce5a10a3b3df0a42164274110d59b12	b06bfaf611b4444f895046520946163742d4f4ca
a0c040b735db5b75bfb3363399728726874e35e4	982e87ab2dbe91329f86d95e5edaa092b1e5505f
a0dffd0461daa898c62c33523089f44e5aef8c0b	d95f146d0265b5a8454372bfb3a3db3aacce1d5d
a1070413a547e249ba85e40150d23d6f7fc72324	84fef4bf6d3a0876fbfb3496098de454bde15786
a10cdfbd311c859450902900b3aae0f195ab4ab9	de5d664f10a9a3b29839b7690f6de0a2cee068d7
a10fee5761a0df5f97618120cc4f3bd891b176b6	9eedf2ac7d57c3fd599304e0ef68d8c51ea1c179
a1809f03c6ba267afe4259f04451cb94a9fac32b	8cb8daee97ff3984ab29e1005290ff0232377b86
a25a19b2d123199f3eb1b9b10529f9228329564f	19a31c3ccbeb13b5ca048049fbed7bdb8e5f2417
a29c9348171824e1dd293c2d23a30ed2e54e2bdd	7426115b077a12f5da13c8086e391af1c8ae3e8f
a2a45d43c60421dd3120e49520a2a0de6c5f0c0f	2b8ef6a68c8a7f9f3f9fde85c2d20aa2d49919cd
a3283ca59729b2731ab3df8a6066174b3b96f9a8	cc46bbb608aec092001d92c313cff5492f200fbf
a3957082b812ccdcd567299596c481c5ae36a342	6f7b7cee3fc3b8cc32cac869ba1f2e6c28b28350
a3aeb7cf41e27ec677c641ef3dbf79df6678bfa1	9062f7d2238b5e6255c21064d59c7f7528aafc3b
a3fb49284305f4f72619708e9587958bbb91ebe4	2a2f57c95e18e93ce059202f97eb99bb72b8dc8f
a40ba6ae31541c5cd5b3bcfacc3ae8b60cd2ec09	9e885f3891b020505ac33876c4b132d424cc44fc
a43ea227a06676e269abb65f97a351f0efd61020	55a375133b094917f3ef55657efa88735ce84e6d
a465f388976d83bdb428958aed3aae38ca105ee7	40b1c1917f506d8bff1ca6c26cfdca15db0fadb7
a48478b7ab8e78df2d833160915774f30d8d6a72	462762257d23bcf33ce34b18f7d0f7e5d7bfe07d
a4c149cbff405cdcf1a2c9a0916a6af3221e084b	4cd7bde5c472e37dd0ea5d149e088d9e7dc87f59
a531abc0ce4449c14071f22b46fed82717d9aea7	08ecbb854aa0b1bb8604316a62d697614b288f8e
a53d59c13c29585b34f26bfc56fe753485507297	372832163fa0675de8a21f9074750509ff3d3197
a5ab8f81cc0d4c7a39fe4b84960e68f0cbce3430	cd3ad704380966eacf5c4382b1b6299f9d635a30
a5cfd2306243649d8bd40beadeb6271459b6f4a7	ea29007f3c92102ca55b8c2e4b9a2c963ddb7623
a6005d45bfd151ec8732f5e9055b828b3e9b1244	7fcaf388ed2cd575eacc212f03097cdbf826873e
a62e979f6c9290ae877ac56f635e8d3a38efe964	436284ce9ce6ccc1615859f3a45b802068ea2f92
a6648b6837b267fafc24473f6cf98fcbbb37272f	a7b19118ffaf75db9b92bcd8259efe38adc42540
a6665a6a017cba3d37e69b34a6e5f23fb95d22c2	b1f6555ecec753b1891a35f38ea1e28b51866959
a68651886886dc230ceccb940677902f82c7fda1	ebe6d5c9b0d22b68e670db2a73c33f2937c29435
a6b79cabe70662b0b2c9c99b09abe66ebbf1740e	bca6e3c4edb4aed53ab392b3926f76111721554a
a6ea3868369aff34590bc190df107c3e8ca66882	b2a4dea44ec2a6f5f6378ef3fb94a9427ea72a7a
a74b5153685091e6e7b5ce37409bd4c6e9a84eea	27a154540a46e48decdee65833d43593b19664c1
a771b52c6753f9a7a34f3d5acd9e7bafbafa6428	dae8d7047f14d313cc91978e9a0fed95a68763d9
a7b5432e2f4e7206bad3af4d25d96da00741edfb	156dd19e65529a63994966a24e93bca6cebd42c6
a7e94390c07d7aa46a677134210920f8716d1d43	deea8a0ae2e06d131d847261e325b57b7d5efc64
a8118d27db4139da86c00da1db7706eb815476f3	259ac8141191bedc4f6bd2e916206b142d5a047d
a81b5905441dde52b231ef959b1fd765c5e1e7e9	f2369fa2deefc2b525f6b17b8ea9b683794121ec
a876af75f281ecc4ef884ded50f0423b1ef6b0cf	7b3f04cf53bd30ac07c5db09152c6a6c85a03ead
a8ac9b8f76adc9504f916d10a2c00c046ecc40d6	5a47b2c685b4ff18aa5ac1da98977e1a8e2a9c32
a8c35919985fef9854c709979ce585cd75da80a6	1ea45da1228a3e5cd1a1a77ad21aaf448501a1e2
a8d53a7f1d38ee7ed3d44d9fdc57df4eae4f10b7	8f9a1ba4748e368b48e6ce7719f2a932ba7e3016
a9355c78a19712417786a3bf34a989b157ed5447	95ec6e8e6a76e8fc7cd7137b83437d02ca44590f
a96271d487dd46a2fd3970e671961f12d23c1e04	45304d308cfb6f9b3b9b7247b014b3fad0d588f6
a9739c34d4870e1a46a0cd90a1cd64fdb64d080d	be9230799e0d4e2bacf7117a2b24a7aecb5c74ec
a98c6629a6fa4fd7d84aeb8ced298981af08dc98	e324ca296aeec245a835f570773441e9325e1a2e
a9955d4abad3746634ca151a3fccdb7c0e1b83ab	0dee196553ac405fb5bd39f594d37776c657c703
a9a5f080c5cb2ffe896e0252e91b7322867d3307	d44fdf86050f82249bb69e0649cbc5ba36d6f953
a9aa34437ea0f0cb4a764f4dedabf1cfc93cfa49	838544e0105e18d777475acf987b5646d23ee960
a9c854b5666984f738bf002bb3afc859072b43bb	1b7052b3255a28dbe7ed572bb67d99c087ec4b7b
a9e8521c951879394ec49ca04cc37955bf71e75b	6a501ecad9a5a51486f47a39c2fd50a7ae140f75
a9eaa3da3bdde354f3bf483fe2e22ab709a6dd50	e64cc8f5a773626a30f9892ca8b6bf8b72ccdd5d
aa2889e8b0563494358d7435309fe026b3b2bd26	9dd5843e88f98cac623be25beb5ecfe8a7e666d5
aa353fa2cb832c1909bc2fb5bee9b75efeb0dc21	4336bdd8f34afe3dba3d7017b1ed5ae9bc7d08ac
aa4ddde5651bb5c7b296f5c85b0dc881a34aa50d	508b6ac354dd5816c83b4fd29d9c20aca4b4710e
aa64df583a65185ef625ae4398512adcaa0ccdeb	6d4caaba095e0b2fa9c85810fb3fdbd425cb91ec
aa698bd845570c8914512ea654ce9462f5a8cfd3	7d13e7f97b9796bc8c62da04b180c65e5097b2ee
aa950b1d2943ba690fdbb29efb0370a0e168b34e	922470cb7f25550325d212f685da816f5733ccf3
aac048b935240b5f1eaa21707d8dffabdd3d4851	c1a72eb49d5e63f37e01b6977861fe574bfdc8c6
aaca2149b3c09c2a84fb6f4229b698b94e6b794b	56ada3d720ccfc348f97a53deac9e978b6ddd65b
aad018cf8c04ed9a2c8a93ac72b8e9a451769a39	9b94be7a90f2c01a8bacd2babab86e6672d331e6
ab1a27b3c0d0ef37d06f44cb6d0ded88ff1bb9cf	2275cc348cdc8f3cb9577a0ad995b57f7f2f27fd
abe9a6270a19219369f206f6fd695c7adb5ad52e	35d2a3202df074695d899ea84126763a85f1c772
ac031305ec39f07215b97e0fe2bdcc164646c508	82c70ba745c706834b181fc515fbc3f974b3756c
ac400021c40cc11ae6f0526e846b0d1af72306cf	9909f015b0b8ead697961e939d2f718933f8657a
ac90d8e687315cb2f0af3622b799375c0a808bfd	fbd4e23e252ee70d821f08c0bc2d4a94accd5051
acad47462227cf20a90d4585c1d4beb1d46092a7	6bd3e2f1f152c85e9a22d10318dd299264a94642
acca3c056df58de61f33619f2eb06bcc1fb288dd	2da220ec246b2bbe38c72993606dae0b8dd75b26
acd7d4ffa9c7e82ebbc3f914ec06f149c61a141b	8ffb7f6856d1804683ac43568da07161bd61c454
acd7ff26ed968fcf751fc724942c77a6e5c69f07	8ecdd9704d5cbba49f4c27125fd2713f027bab01
ad17eea0e52efec5674dfa9ddfa7297e63bbe02a	e60eaebac97c217c6618c0f713b2236c5936b7f4
ad235d76653f5f92350587560ed5bb01a9f52fa0	f52de626860d8740750398eb6c9b47b1ad56129f
ad23d5dd2cf5991a085fda55e6ee0d46dc6e494a	105d3ce7cf678024661f2b9bef6a59b0db8ea942
ad3e610567bb4b72eb7b61640dad646680897dba	1a9d473ebcc70842d589646d1a6df43e211c9523
ad71e8a36d6b4714605761b9c109dd9693da3c09	0b6ecc546c911d7638b99cb5028aa15a88a2bd80
ada4135a8bd28b7b76bb6af0b1cb26c49e5ad108	7ce596fdfa3f04de85d83c35caf3f7a135d33981
add1818640af87ba93883f1e5d08c1c99c51b6ef	169d3c25c90816841aca4a9702ace56d03af182f
ae14655b201b2527a2f832a3275266e80bebad62	4012efa7bc6582050568c7db65bc6b28f77502a7
ae365d3f6746fc4e07ce99d1324259c9c2b95894	a318305ffed00f4a4c2909c279ecf02b252806e4
ae395c83f51f8dc8c62882d5065ffeab489a8612	0a4e82182aad2c97c61f6acb5b97085b090227a2
ae82ecee31bae8ea4b161cbd35acb1f6efccbf6c	c991f0f9e1ef9adc7596f3ddbf863b940ddda912
aeae743ac4d92b0dc487c1c6d025b208fc8e23be	4c754671a454c9487e6a406d76af042220400025
aecbe0eda7d61a5793d9fa98132ee9fc9b7fd378	1af45439361d53ed67622152b53d10960ffd0fe6
af007d678f0754bee00426f03bcc65a3b3db1a7c	f634441323fe3cec89185ce2c1784874d9f02a03
af17d05767b58feefa9430ff60a12a63612a5fe6	357a93ef129b3b7c84b8709cf9ee3dfeeac23b0b
af62a154974269761ea7ae861c3f3d08cefd92ec	bc26361bf87469411296de2ddc7b162ac3a21c57
af9a157a13498e2edb21b823bc9f5c39e4ec1211	c1afb955b984166510f55e98d8b64a141f2c1071
af9e6dcc7ed5f08a5457f324201ab31ae114435b	c636e063cfbbc5c328f34a7ea159544babf64967
afcbc586d33d2dd7e921b8cf0b5baca987193a35	015e59b1ddca9adc3e787b36d6d721ca4fbbb46d
afd16dc0e1b94ce5ae7f3c564b27a7823d29f00e	f8df8eedb0558ef9d065704157156484d9d8dc56
b01b39100bda875002ef60b267e8a565d49e4087	3190a2935e7a9d84eb78c3d7930e22422bb8d3d7
b02c0c55a7353fa1575129680e9c45319f89acdd	8900e4991ef3f2229e7c359796df28e3bed29f0a
b0357cbc44dad9ee09e02cc5eeea886b88f79803	ed2730a9dcc4ba252bb60077d7ee96a75b97d0e7
b06dc0b171640ab885cb53d02bbfc35f4fa18890	516e4c0cab290ded4ebbc14e3c67afc9b3958eb4
b085e6f8321c5e03d4232ef45a1077ecd9e7b771	3b48cc4d16eed8eac5caa7bfb1e83bc597a2c208
b09939d0f2b956755f72bbce352af09ad7942ad6	9f11dba19f827251dfeb8807bd5a0f74b2040078
b0cb6e5274d5b483fe3a856ece30861cad1add33	41f38519c0aaed131aff10a73785f8612a5f188d
b0dc468e30e40f02355df38603d4051e7bc4c005	993840463f7c6712677f5254e8301b4d2f592ee4
b15d0a86708dc3f99b530717ceb827e33429b35e	3cc2029b33d3ad417ec06b507d35080135027840
b1db2a834b6e6b2af92cba68fbdb67a18175b9f4	80bcd94cd068022322dc05607970361f3186317e
b1fbacd5537dd48b590cec63f3679e0837638673	6822fefb892abab72200415df34212d8e1193953
b1fe1ebfa719a527736495dccff58fa6ff05c020	28f1c469e4e9ca4581d724017407b27e945775ff
b2524ab4b677b4361102c113136b02eb39bfa009	8a0fed47ad53785b976af6ca7449738c17a18b41
b2b4c1b47a596559094280d6bcd1f51ed85ec45a	e04ebe7b6ba00638d38d23c98e9c310f5c9a8fe5
b2b998c707998cbc7c5dd10dc4c99867b9ef134e	42c80dafd18207418a7e72e42eb557b10ad9a275
b2ed8b244a44e8bebeaa6d429f51eadc34962679	1eb256f6890975a20afcd5f0b6fca354a2bfc3c3
b309bcce8183a6e57c84867d4493ba8473fa67c9	8bfd51146d274e34ec3b5c7a68b603de326e56c7
b31e853f03b683f5373011de68daf7c9a01162d4	f2670527e41a7c9bb8724317347e8b4fb0dca6f9
b3d28c75e28c6dcdb5930c347efe6937eec70902	5d462f3c41bf26a7786b7725c67c87c1f374601f
b3d9cdbe1d0d11bb6db94a66b5941f61676dde09	e9d8fe52088edeb3924130927cf6e113f1d867b7
b3da36ba78ccd591178d9255e4ebb98d3ae0e0f8	68b9041bba24cfa3647a587402a1140c0860d9ff
b3fd4db8cd1a66ed410dbb1c57e870b2d353b4db	53574acc14ad282c12f051ea0408756edb1f5dea
b4093c0aaec3dc02e2fd6725796ee29548fdc590	5742d2474813f9c6eb20e55bde419280fe86bcc9
b4101fbb06bf744b58ad91805ffe36587717fc36	cbb7185a5b29d175f3cf9c1a4b50e4d7a7a52cdb
b49412741bcdd102a1fb24e54e5238f162c36cd7	3d680be2b4b9480dc96fd39a92b5026fd45b1dba
b497284843ddf866f10e09a0fc34883293ad7b62	3ec308a1fe01fc2c4182b99301534fc02ec14de7
b49903a73326642182841c1c8bd18ab9f6cba027	7ac379a4e7bc3bcf5a9dd2f0caca069a0afdaabb
b4caabcb386d9c5b04594e2604376c064a140a65	f06be9cccac149e7f2dc4502c29381ea79f5f96b
b4cca948b62697b5d3442e5e92e0f0215ad4d83f	fd1636db371304f35b9727955fa47a247a0f59a7
b4ccc36a6e0336fe6c036649d255f62e13ec7d86	3343d8060d54f50ab28401c599a84383dd7812dd
b4dfda9b1e8ce5c98b756c9d35007b038152f383	7c30045159dabe5ee9a422c15f98b11bafb1f1be
b4ebd40c71693c708d55f5b987e2ceba64779e5d	099b02552e814858fdf24d45da4437d9e7e0c4bf
b500cf8bfd5ec5197d99792fda4db8eda5ac1596	b1166f45d51a61d69ccac35cb57b7594486ae72e
b50680ed62a4cde065a0034a3488572973a693be	ab72f1d6cb6ee0ff406d555e09d5ae455f94f244
b5157a06387e6cc2a1af5258867b88db89af5065	f9b406b4d577e1859f7a3286da0d09c12b1a69ea
b54d425dc93ab7e3aa9840866b6314b28a72f16b	ab837d38ea88f75f3108be2199ae57ba1768bf49
b56469b990cb2d8320b344548aa907b27f6bab5f	fad2fa04ccff00a3b4ab9c5b40a4952999db90ba
b5bfdfda247132ce0ad023a6c408e3e60df551ac	b5e4dffbbc299e7727861b0b9d140cf9b1296412
b616ff4ba97735c370561beb05404a11472dc977	1116712d3d5d5aeceb53d9796bb3c48915f470b7
b617cf85b777039b80b2a0d577a0877cea2ace2a	c4aea154d4cf5fb2d188cc8a2485b9cd07b9579d
b6630b97118ad506bc22481cccda4ea13f45b259	168752af61d3ecaa785e07704d51c76c889af378
b685f3cc709ffe5f7f04396948cf353c5fc42846	334a18f7b6301b2b16297be4f502376b79362c7b
b6946ac06b8c7e653c5e19e5d549a18b5a7f0413	f75b9d61ae8a733217813be540d7fdc501c29b30
b6c16ff2be8a0668d5646b9a74681c500419d346	6c35c2dbebc4886ffb74a142509a9925d65a3a13
b701fcb73b692e20452aa91004812e9e52a8faf8	d74fe9d294b0f8cf0a507677ca69ba12864e05e6
b71e77a82347e544b4e4682bc03f8df19a2eeea9	2077756d98db620ca26933d229d9599a3cbf4cbc
b732261bb475cf4f409ef492f71b81cc791f6814	feb793d6c93743e6fbc079163276a4889fcbc943
b732e40321ca2a3d65e9fe89245c9c8122c353cc	59fe770c33e3fae7c189f1e96214b7bc79c23f7b
b783f6c8ce01d14688cf770e4b6e4a8cd6094bb7	2d55cf599b0aa909fedde4c9f1922e3c1e1e8c15
b7dd671d080e25b58a7a328b7d0b9e68d10f1f14	07df67d0c4957e7afeca2e329c4c1536d161f08c
b84009ffd8969ed589af1defd40f60b2f909e1db	24fac42187613fa6a79c2c86467864dee0f3d999
b861bee86e38ea4b59bd5ce3d4199b6f4fa6cb4a	39f1d508b2268342b59c23a87e8503f279953447
b908cf2cf08f6fe6403df5e1457b7a6c891e8ef2	79b09d9e026024d36ecbe14f4db6c35977ea0695
b90ef0633cfa855df794284950f1dd86907ca6f5	4d26150b62646941eaa37062d316ee56705c0fd4
b95815e282f256259cde33493dd2632cf4a78880	00a19bbff5afdc52c31f12b0df0594222df7a086
b975a135d3d7d4a33eadb1f329c266bc78f70ec2	ac4f4524ab88eafa4f67a65a7f8683a9ba353fea
b99d7f3df13aa3539c0e72f98ee3e2127b66dc7d	b1eb5b7a51eb5d8b52f05249e4f1c687c702db24
b9e6d1253e04831d0c43783b2c865559a3c52d2c	86f74c854deb34b4edf160d8692b4df1e513dad1
b9edc241e9b50d150704ca740fdcb760e02c3d55	86045c03f2d2f26c206001180b796b352019e364
b9efdb75b0e8050c4bb1ed1e8c63a28305f5c6cd	2653ee0d74c499478b0a79a068c7cfcbedcee6c9
b9fc4a6c18fe9304d465a7f38db4d878e5d52975	cbf319a2e5a2d18378066dab179701ba28a5230e
ba23a40200d053bd88f5ce556606862d3740d726	a124c4dc5b731de407baf19da41215efb361b8e3
ba2665668a59e314fae414c8d260b2aa5b5092d1	e6c8e61a88d26b63d97299d6a977af5d133b7a44
ba5493149fb49a9cb63c8e6382915bc3060384fa	20d96a874e554e62278724b293b2f5fc7be35050
ba735924562b8c52c11359ae6f156e73392bd297	5528d42c759f535a20ebc64ba8cf388fb7806d76
ba7a45840838316fb8d903881a148a356dc2647d	7e0ea6385d8ee9da69c81d25cadcbd510ca3da3d
baceeab233f1fee7b46267d66e1617cad06c0cd4	1ec26b3248427dcaafd06987d177758025198a18
bb3a1b12d5ea9fd564ce510c84ade67b9dcf7f50	84a600d3b567ddcb4309343ccd5712a05cdf1ff8
bb5336f9298f8b175a0764476861641540501b72	502a73e4269a619d044472678aebefcc51428cdc
bb6da94a94406e8758b1e095451896399b82914f	19b3c3250f61c73a0843ccd7bf428b65e310cec2
bb772077f77eeb54ed1b9b01c96d4b9452057af0	e2c4b4e2e4bc70569e191258312c5dbfac817d02
bbbecc02f2531ef968ae41e481ba6aab15badee2	5db693cb48d798110790a10c2f013c7cbccddb84
bbea047847832af5f4b114a8a87966000aa7e370	45ea2c27023e0af1a03cadc1b63c097d3e0e7c04
bbf2ac6fc41d1765d4b531eae4a8f2232a60ca18	4d4612c99b707796e0d1fb920315322f725c62fa
bc1bc2ac1d9b800e551973cd33322c028800f9b9	1b04f9e0b3932d5554bedcf629256129e3b17ac8
bc325466f75d13962fd480d38f9705ed18b65209	d6b34285079ca58433536938ea961764423ad3f0
bc445386b9b6e5a4a732b2ab5e5dd59af1054b7f	f7f4bd5180a6cd38b3d7bc5170caa150fbfcc0c6
bc8086b1d792ca594991448282ed97f0c17c4376	8ae14e7a502b073411ae0aa55137627ec1bc316b
bce8fc2f2b0f9851339fdff4bbfa121228131f29	7554e8bb9cf6895313f63443ff085561b3eca175
bd1ad27f20050aef6ccd146677968c43b4dba0c8	ce8e98c6c002d30384bb9c475d006a019bef2edb
bd305b164a85b871b64971c5c784ead4b19d1ac4	a530c2ff178e5b5700a783660388e542cb320fcc
bd64962f87a45cf4014e659f201a90791750ad86	639640bfa22c9c407f5d430e1246ed3c7fb4f793
bd7d9bb74126249f3069ccaa944c632e34c05646	f005cbd50472648ab611da76274a34c51d0fb03e
bd85be71520fb5bb1331730d86e34307e6636a6e	4208622ffea3b80872a39c492a266217e21c268d
bd93b4a98547f805482c1e80b7d72abf7878981d	19acea27afb8b477843c5009a41432bc832f9b2e
bdb03ac0061cc92f4ff2a00b5a235e6075969ba7	3f04bb5c7de04fde167d47f08b7c8df367187a5e
bdc9083034cc700007db6570b20d7a364606fc0a	0b83ddb2d9921a709e92d1795a5124d83ee30707
bdd5e713a0cc60375335e7e4f2da323c2d5f19c3	cda4ae9d50145cd48c8388645ef6684d37d2cf0d
bdf6ba5dd9ac71b869bce6dfc2fdc4ac7c1dd3d7	6a2b9ca7384d39c2b79be30dce5c786fec5b5d0b
be072ae402c7ae922c60e4ffe9cd319c834f84b0	82fd9d6d05b6df81e7393a16a88541965c8827e4
be457470b8f9d072e07b591259de9c4c21505dd0	3e36d7ca0fca7339a687b171f09b066d18480651
be8b405eb73766112ab63c0cf77eb4bf184c1555	f04670bb9fabab021fb594c35ad4526d085df16a
bf1db545c5398ce76cbbb6559ce7c5695c5db4c9	192933498970b579deb0910d497c3f6c7772bc9d
bf38dcbc296265822e52a43cfd68949bedf3b9e3	d7edafe7dcc65a84a28d8711c2fe7fdf9d481195
bf5709edddcc791734ddff03432b9fe0ef27f14c	eab262647e65b96aeba6221eafc03be4a6ef1073
bf621e3e5bffbe3ad7ebb5afe9398f2f2f281917	9fbfaeb8df5a8c29765d784cf7d4e9ae05c8a612
bf6eba0117a4ae485d86f65b7724f5addcec03c6	ae38cca388970a8d8997520e77e4fd190fcd0c8f
bfdc948512fbf5cdcbf4f8b318597bae6952bf69	36fae7080b8717a1dc50dedb056854a407fdbaf2
c005b05a04b59d99423a4c28e9f5f29ba9dcbd70	874703deb2d211e700df809b72f31c3051852d82
c01ce237ccc17476f5a9e8041dac93e0a2795af7	9701b5d26f4570e8c7332ab3b54a8704decc8572
c03db9135dadfa61f618c417b18d9127a95f54ea	bd4517b45e70b0229c779b9a9a64f7f0a817a79d
c08217362b8564cd837eb1e3486a4989e4d548f7	36047eab96a9d2d9fa50ef14c0fe171d3560c8e4
c09d6b1c526a79c661f64c783e65d55447e0727f	07226591b625a8201b63eeff8bbfa9c572915677
c0b53a3cdca70d612d59174146b9de36fc456b13	55699513a8720f4744fcaa263c18062ad1713a92
c0b829720af3959483575ca0542c38140c71a909	949105bed17e57cbab14fa2ab1796414e8342b85
c0d54ede0a53cd79b1c666933959dc318e1647f3	53d743eebf68bc56fec6cc873cb9106bec48d528
c0dcfb2709a3d1fa6f469708dd7010b298bec44c	25f25210ed3c488792d8fb31ee261d6957ad57a1
c16d3d2e3db85001beda0e851b64ea164606fa1f	427c498bc0839393d92822fe8c3183b9227f60ba
c17cbde38875af5c8609dbff8d12abc7400d030e	962efef5f1696d4c7aed778afa0d4bd488dbb653
c1be203a7bf12a864b7782007293df22f7295a7d	ed4a11bcaec9b26d69debcf8de9578e5613247cd
c1c29201f708acb0615412e45750da1ec0d395a9	7d1933f3c19dd3a8644993b78d5a8bbdb2da65ff
c1c9021889e90c2f04d25ac2dd2c491ee6c46afa	351298600e94f4fb93ab2b5790f83049b4993664
c1d1a26294261d0f8a2212eb8086efb07c5bf5a2	d3d866ac62d2e7a16c204d90fc85504f648112c7
c23d2092258fd90f1b0c34d08ce79c0d312730eb	b9e8dec1a06f21a24586fcac6e0b01b7db7bd54b
c268208e8ba49f18f40c33d33e6a0e37380cea86	5ff8e9f2e74ff1e8b0fed6eeb809d3872d792eca
c2763c6c1f5ea3d55d02ec3668060e260754e964	6403f3f0d417d9d95bbf55a8201aed04202ade78
c285573ca12456748d36cd2d582da3d46bb2526a	587fb63781face00e27ff22e3e8d6006fd6e1e5c
c2fd51a895cc9d3274f4ee96fda24af277978595	326763eb7538eb7908f088d539b97f2380280702
c3027cd061afd3fdf556203a36fdf5f0296a4dfd	0b3bec88367f31efb7bc7409c3a4eee2eadb2091
c31f285e5e74fbc2905cd44013a5bc043ae8860e	619b9cc44e0831d9f88a6eebbb8606ea5a1e95f7
c345ff2541f65f902874a1dc4ca66ada2b138408	73da3ccf2197e50e4a6e5073c83aad0f299da059
c34c5132bbeb5eeb4400e72ebc396d086049c3cc	becc04acf88a32e21c2bd0f53baa44ad867d6493
c39488ff154b5d3a8cd254c304288417b6645bfc	1093883e09034105a30956cc8f49e7e193d7a2f3
c44d4254df18d1e80680670c953ac5b895c5f538	32277411aaf88191653f927c94c10f6f8f1ffcdc
c4716f137ffb8b16dca4c87c35c68e75cef43e7f	38d26753352a8002ab1de2da5a751dfd79c8905e
c4a459bb506086522e06b93a55f83a4aba3eef77	61f4ffb10a1b5bf70cfe463d7a8141b59ceb7b4f
c4c6fbdfc57dc7f6e7b0d10dca4e238327b68afd	09ee6e73fe1c37daa108123c2db696f3b0a92afb
c518339b1cfa676d41d2bbd30d94a08de07495de	674de4413215d177bc74b415109ddac0b5480e3f
c51f5495037372b7376563ba51210f8373005056	48008b2c777fb71c5f1a382237e33bc2ef1f8058
c53cb5225c65a9218602ae14c4f21724ab0638d1	422ce56b4c3db1cd81eb4734e653071ed9e80275
c58127549ba37c8bb343fd53105beb77748484c9	187173421ed8b5e6f2304437bec8e0789fc36800
c5880e94e87b59bc470b5a7f22983bc70deee3c2	e756e61509a0ff65786467550ffb7719538cae14
c590584ca57486a446d9ef3757fc56360de5d75f	d901220dc6dea3ccef51fd6b90144836d4f341e1
c5db276358cebf57f59e25360db65f055b8c1577	fa95fcb8bf49c39f6d2b73d3a89be48702bbba3b
c5dc38c01413beaf04a803a44d2764567cc5039c	b926cbe2336df7fc80fffbc8d81406d221f5013e
c677b7e3948d1020a37dcb87609040659059dd73	2c65a22266ff530ca97ba78fce97befdaa2c25b0
c6955d289614b6ed4e486045d2818d79b6d0556d	95502072b3f2559f2ee4c92a54580bcd92bd6c1f
c6966c3761a624951a04696b6ff46cc375f8e3d6	e3245b29dfbcca723d7ab94bfdb7bc244a1bdb38
c6bccf8be39c57ee3bf4aae8111a664c409d04e1	746aaafe70ca3bd55485b5bb2901a97edbe92632
c6e33e2312e93fa76d52578b5c1f04f7320e6633	15232c2623dca4e62fde5a5c293b15ce1076bbfc
c70fc66f97e4345450c0dc40cf02e0b9a4e73704	fc401d182753dbb27197335353d456b507950d8b
c735a730f802d2b1d4b66463e7082fc2c5c1eeca	f4438c33eec49408d87d6f81cd9cde607613aed4
c77d8fea5c31b248ff3ad21a4caa15a92507b2c6	40262498415edddad0a5c34f627a7b8518e2a4d9
c78327fdae1e6753ed6a8a551203d270219119f8	013ba53c18624301efa33c67d610749c4d081eed
c7939172f710c08d44e685377f0ef8a1f7d8dfb4	d564770f187179a3b80237758602061d09767cb5
c7a409d82bc94d45d8da4aa417700184fec32f76	a654abf25c08952c46e880f35ddf4f1cf3e77133
c7a419b53a294044a9daa860dffc909c04560622	d0a6f1ceffc67056aaa338c7febbd26da4c4a1b2
c7a4c750b3d0e1b95b137fe22b0ccc835f33a461	9453cc43f68b61bcdd9c578075ee697ed0e4f39d
c8059bef2c9207b47d3d331003df347e62f9433a	a2c901fcba2550eae722c9da4fd23297f919268e
c8403cbbc0f7763e0483564d89749d355e6b35ee	12f818eeabafe22020ad8d72703ede4e211e7d74
c847cdd5eb60456023b35f8e67aad3f970be1992	1a729926e6d99f41b4e8d8d476d22cd62ba0fed4
c864a29da2b0a94d925303e50723ea9b20196e79	fd5fc9e3f29289bb704a50bda49c14f6841674f5
c8662bf79e960add27115aa4d0c956531d18207e	aba947f1fdd70726a0a8ab17698a761e66aa0a9f
c8734260c29b581d3d41aa07fb1f328407a79ac2	3f87ffc0c1a1752ae4eb74149bb2bc8e6073a79f
c898395e1687f11e8d22ae66866e57d736a6b828	2160a452af1d4a181b9ce3a79129b839cdea57d8
c8a573d5539d5ca5cd256cdb1e1a8ba14fdb4a14	aebfd0a6e67e0aa211ec79c06048f99fb5f0eac5
c8eb087ed327393d94265e45a782073a22ce8d05	57f0c39706e9a724bb6d90b7d1950f18e91eaed7
c8f30f6dce578e1f3efdbc01ceb443c799b2a498	f3a620114fb0a245fd327c86bd0a42c2cd75de0f
c9083e2d8f969ae35179bf9c7e80253662032498	9ac7b63883b8a060f04ab376dced6c774fe783f8
c90d7bf992189a1020061be84c512dff5894d362	2f02ecd6ed116e6222709df04496eb8e275731b2
c95e4b50f125f4ad3fb1014eb31cfd66231f211e	7e383c9b5a4be5ccbf64c071a11c89f0d411ad5c
c9b40cf1fcf9fb6c636df1d0ce33708756fcebd2	bb1377785ac6e26b425ef371ee67d422fa8801d1
ca17a1fc2b9984e99eaf4e3686e59bb70c56c02e	64bc15ccb79dde754fdc626053a67f06cfe5291c
cac9598195b5ed9411f240597b651bd54685c321	4db05ffdbfa0395484a552ea522f32af53a93ae7
cacca20756d15930649768ada2e7b3337775186e	88dc513b24b6713c2873a0dda6c624eae93fdd58
cacf3e74025eaca9f204c4148614a09744a4e05d	eec7407100e5ae817f3a9bf9b3fb820c1d76bdf7
cad8e2fb092d7e1a7529a5f27ac18fd0f456007c	de31ec7a81406bc7ad721eddc0a7a35ec4814600
cb40282dec925219cce27f3906b6b448dda19789	e83ac7a859e8e0a085b7355d31b221d877fc68e2
cb45c8649c83d770faa04244ac3d6d3e50d6a170	6dc75974316a7e4ae27886c23e42d78ded3ee241
cb4c421e1d5580d18508862db8aa76764fa8ce77	b5f967323b08b65950a5897fa7ca820991bf9884
cb6044e8fe8f77d64bc09d5a3fc1a5654a14ab0c	bd961de4cd447db5a17914bc5037c6af76d754be
cb88bd497fe5ed9667697f0f0a2f643f364c611a	56d1f52091c6c6d3cb828ef490ce3fb02b57d752
cb94da73c92d71489d9ff03c09aa2fc80d7c9d61	774e9494b4961995b63eb3a5c641a353b80fae50
cbabf0e4e591ebb1f48c73dd0cd7f543cdd83659	389ea24f207bfad6f3d6ff2f5fea33cceb0d123d
cbdc5a42d2245e723819389373d95f1f732bc036	5090abf756f9069c2d1caa581241de23caabf74e
cbeae050580d21e048b516557bc1e9bb9e020fcc	1cba0796a133966bd67e787d2f3f0ff3151fd670
cc30ef5de57d3147394b6564e8c2848fa313af94	b88f4a4f397d80a44aab9ea6b38a032cebf0c3ee
cc41edf9014859910249d65bd8d40f8cfc579882	49aaf5cec2dab8ff9f00db60fa15400a4cc567cf
cc516225b433d0e7bc9137a051befa635913469d	0c61ec7be50493026a5194aded11e7b53d8976ef
cc6f9c40b0ed874f56975537b2950b5706401880	5cb888ad0a851cf29906e5deccc70ec20ea87ced
cc7b03d7089de7b214003fcfd451a2c66e67e84f	2f53ab720a8a09fc85a1f72c6312a0b2f4223253
cca6b406241482c21f59e31aa1d9ab7617e01c88	956e571c9bae96c4c40ff3b0d4c99b13448b5a5c
ccb4c0bd8c438812bd43f67e746559c839b5e94f	755069915730b76a3c52e8e2e8648fe236dc8a77
ccd5664d673e53bc706b439e0b48e3770e8535a3	bfe9590a889a718ef7cf54da1c5bb4cc058922b1
ccf664fa5fcacbab2f9203772df00e245974cf47	171f95c9eac61b5aa7de4d8cabe1af67e4f3d1c3
ccfad75778fb650481d8bcecc83ed1915d2e92eb	34f581e79d9f06f3bcf97cad1e6eeb8440f10883
cd49a97dc74a675c45808113c69fb76fcec7d110	0c6bb7559989db7981663e95401684de3acc9986
cd7b0c19165a3cc8883ebfe5c0336673956157b0	3c3c6c9c889e729ef8cb9e091d10a438fb14f8a1
cdff082ea7764b6f41d609917c12ff0b7c1b33e2	1068b24e81b904758a28bb40756c709e8b436018
ce1157555d4446076fa28853809e252b3452512c	52bd02f400b3f4e143e2b947a6e9137b69c7da9d
ce2aab4beb82f5870d9a15e7838dbe8bc4a508a4	e1dc3956cdc38e16061c906ac52a7c82681f322e
ce2d343a4e732338b46781bf40155319d1f6f09c	769632836d72ced9d82defb0a2f719e7d16db67b
ce2d632ffbff3af28bd6368c99c6fd195ca76483	625c4fa0eb4cb9a1627ab2436d75c51f96ad54c7
ce33105a555e40d723f0a9f378efef3c5438ca89	4339bd9521bd3900665834fa5d83a269e69bde45
cec0abf7e5b8be79c7bd7ff744c7824bd375b0b2	7ec7f89c2b12c78a6575738aa83bb5ffe49942da
cee5bb1fe4bc6c97343d70461ddd314c257f3c62	6a62d238b77766fa6243d0c56ce064cce9c74395
cf0d33b21b5c52eb39997e61c2e792eb5aecb311	1af0a36248fe82bf4bf8fa58135c5aa99dc01adb
cf0f3a0ffec4ffb6314a10ea1d30bf0c4975ac18	f4d5cc7d01ac3fa1b8caaa6d6eb7a8e0c513cb11
cf22cdebd0b1aaba4566a4adfa3107642390cf40	ef11c9782e3ae9f706b76805e7d8347cea9a61ab
cf7a4933f0e3e82f2805c81f81e21c6c10e36696	8fa45dda494591e5ebd31afac1779678486d3caa
cf9de9d2527494dceb82be7d2acd7e5b7c79407a	5de55cee5ec383b3dcb7206a9bc3c3ac4bbc497a
cfbd8a3194d050dd084eed3d4aed442a4d14f3db	3fd80f3d84363cb2306e902a6d0337dd8ac0d3d0
cfc1bef9b55cf84266042938072d6b2a8bab4bcb	637abe272fb9dcd8ea8f87da27fee1451a303a47
cfc6be80babdcd8c9e937141d99f6173fc1f5648	0a984def436cfe665844ea50d7d7b3bcde31ba9d
cfc7842b1ba75f0031002a6a407914f8614d505d	7d7068c8a5b18410b9505a6df76b38ce91842a32
cfca1b298cbb7c16cfe67074ee79c43cef215f93	a919ff016db1a6eebf83bc6233cc500a02093a98
d066cdc071a29e5042d12f01f4ec3e2e789a9e3c	0ac1d61d0ca0efe27c8c08e5f90760f1f8f1e299
d0deeb28501e97fd21c8764e18a91372c297a0c6	333ae4fb5d2df646871b304dcf2a9b74669980d4
d15370b4a138c431bdeb4881d3ba765365b54f32	023eece595fb2c5d7880564272f3342878f6576e
d16c49416b914c9f45fd33ebf2c5c5236db03f1c	71928c507059c9770f397f04b3f3ce42ffbd8d47
d1823a47d4519259c8c3a07ba7d40c34692035bf	ef53a91a7c1658975c47f57301b68dcdb4427e65
d23cd9071b8859b02a460536502952cfcfbd9fb9	942b155e40a5b110e846c341c1d8d6ffc1170560
d256096b0d9fa0dd018c4482b89c4426b51797a8	56642b2ce863621e6ccd44779ffaec2cc3eaf5f5
d26ac374cf46fd7bb0e2027dcefcc12414461a2e	ddee1053c4fb290cb065e750bf4d8b8921047a83
d279b777b5b96373fb7bdd91f9ab0c34330ef01e	f4e99a244d47a7e04ecd10952322b78c232979f1
d2e6e1dac81fe6a15c9021a7bae2584c8f323563	b7052f61fb0af633283d931df5ec1afc6172ccd3
d34c1c332f810e0ded11341c88e55317d5a139c5	fe942f9e9220d3e771ab8c2ad2f9573efc3d459a
d46377330b1affdbb9d98d406c68a0159f36c25f	0789bb3db6860d8bd161c77e778a8ffb76732e83
d486026e5dcfb402f63060b56b71efd1ddd47bf7	fe266052fa384a7082f4ac497ddf8a80fd1fc7b7
d4cc9b6a04e29ee3873028ead8235339437280f4	ca683e18f51c8d9372fa3e5f35e94a7034f559c6
d4eec23e232ff00d8a126d7d38f3a731cc1dd290	d9475e96686972b93d76539206051a362dab68d6
d4f99954f7d958012622d3b8a2237f6b54a04478	674676a3d92c1f3a4a6e40b2829f56c04a7aa328
d50a787e40718ae7cf2761a26aa04e6cdf08130a	5b40a92e8e428f721b2c689fc421a64b1e5f1bba
d5236ac55b2dd522dcad1dddea160f86392db1d4	66bdfa57500cf8dd254d2fbb7fe6804e46f4b5a1
d55292ddb7f9e9ee067d1d273716546d06b7cb62	d4475d62e8cc32de9f853ccf1500fa74f73fb106
d5cd90bb7d9ad59e754ebcfec802b25ca322b2a5	409276326b0b63bfe94a291a645f1968591a4341
d656c0d734ac6d3d03894c3d54650a2c4f4fdd1c	c9b3608ada215c7d71640e37d72c47563becb111
d6b725f876633996b5a0f18aabc056e5097e2f93	1ad3ba45ec4783cc6d48581aa71bb7fac7d533fc
d6bfcccd097a4362105bff1c380208473ff30e0e	2d6cf385294bf95f14a3669c14112845c4b4db26
d6d19bb407c40a032e8e732867cdb155fd5c17d9	98414f42a8ec0f8aa6e1b4e82c67c7308ad7335e
d6d2e5ce49727d3bf9d60bd2c70e395426fda14a	9555b48c3ad63efc613550fefa4d46357ab00efa
d70d1ef6937603437b8abadda0ba23fd7bd93e7b	16ad0bca08feeff56482125a684afce0c89ad0db
d74bffd1aafca598a4dcbafc941d5aa0c1a2995e	72df1e2f41080bb263069bf4a80110da9e11f67f
d77f2cf4a3d784cad27fc26b6e09f64938a20be3	c4267363c57a1761beb27d7609df14e30700c85e
d8225c67ac2bdcb841e9a7b3fa8a92a6c679f8a2	08ab2362e5c7581693917afa229e754203306745
d83a583df942fe0a06e84416d2ef65f274f40489	2a08080f03903e565917cf741e8994405340ffd0
d8417b56fe5eb75c2afbee951c01381b96231781	a3e59f6ed6264cab2230138778349e897e1b16e3
d8454734a18663c1d9c9803b900a0b7ae052b4be	5e352f497c0f06d9429ad099a6f3f2abe7038729
d84a8d840b20e04235585808f94e5b0cc15f2529	37fe3ea53738aa4b9f0e44b760e4bdb10c9227ac
d855d1a25103082ce38603fef38407e844c69877	5edb57b3ccc4bf9c8ed267cf45e0f3df41e95ab9
d857d19c5a3148257ee1fc3008e71b9ef8a5a219	a8161ff10a383d19a20f2fd2f1583e96effa6525
d863eaf37c10bf6555aafbccccb65d846324ad00	340effcd7a9e44978561df83068cc7c2c84f78a9
d87a0e5ecc40b436cb07933a5b942002e2ade25c	9d3c3fc4cd3ed257ae128833fef4112ec127ed9d
d894b6f9b13375b63c8ba4876df11cefdc0098ed	9694e08b00d15a79f5b9933a979072b36ca66cf2
d8c18757fae4bb526998f41bc36235bf3813e8c6	72d06e52c7b5e3c5e0b1c03073fc73e283025f0e
d8ce498d74141552bf82edacb0ad7ec919695dfa	43658563e8b31549ac4aa6531e396d1815d6f173
d8f8f6e4b96b2cca7d0929fc149f0a2d6a068cf5	76021272f15601a8f059062d6ab7fbcb36525029
d9242220802d520a21752011b35d8fba454b388a	df9bbbd5369c21e872a2cc82bc96d2d5c815fcff
d9c11f4209d25b62ca8fdda3efa99e1939976f34	f749cb191123ca63f78779d321b13d2edf1342dc
da0759fa5bdc31f905e3b6d2c41b5d882e34a4d3	b1da5f2d77f3eb8d6a27768613416e74a2c6b671
da4058ea6720bb16e4ccad12ba33dc8debaa1180	06bce339061382cbd8dcf13952fcdbb2d5c31cb0
da6348c5a52d53ce8b6ebcc20206956a6b55d976	6d75f370df088781d0c648e646483c0e4335317c
da640cbb979b3a5fbe8e6fd7004706fa09865dbb	564f4781840d6ca46bcaec29f58e4699b961a828
da751620c46acb1194609ab8722f2bcc088e9fd1	e49cc1cb1021318357b8d8c83bfa530e82ea544e
da853910b8a30e6405aa3ea13dacc7a0d25f9780	597a6d0f67d2098e798ceb4cb918c62c4d60d776
da893b1dc824c3250bf90b7ebd8ca5e23c2a5594	c6002049c08ebd56260ada32d0ce081b0bce8d49
da916dfeb13cb06c3ad9dfcec64ff2111dc2f2af	cace80db2f08861f18e215cfe6cad91547afd00a
dae28502b3dd7eaf27f1e10724e2e6c626fd6a7f	5917a24ea2558ac12925fbd8776e90284c63c8a2
db010f47d7a44d270ca17a4b38679f841995c274	ff2a553e80f1f0cd81c83564f6d7157194ae4b25
db62dd3b85df18cf4851c6a46ba549fa96e98697	d838fa4dd415f12cd0cdb063bb7e5fbf5aba4001
db8e91e1888de88db6565e684087004b71bd3099	3ad174b6b4317747a33db9a8f880cd28c2d0c720
dc3c75beb4ea2bbbc1c1bc19e78f148db8725663	f979826df355931ec4ba3f3f4261c6533aa4374a
dc58dee9d381c6fc45e630d4809b57116ddd7571	1620566b7fa8b5c4358033c669710ddcf5a70849
dc7a29f9a05845a5797c41f93377cbbe5df563d5	d7b4384937b7a2f629660b6fec881973674d806e
dca1ce9669126e88a3e6100fddcae76a9c23a727	58ea5376d72f11480e5e91045292513e3831821c
dcca0dc5a5694a0fe30191706c31ab0af92670f4	3132968f9366b973c02b1f649986eddefee83b0c
dccebbe200cac702177da22957244084cfb5ed70	bf1f17719b37d03cbd1d99ab51a6dc4aabf60f63
dcedfb273766a8c5091d5e22ca79864a2886ab48	94cf4588b4cc267f86074c28c91411e80b0f5385
dd0e1a3c529540bf74410b36cb58cb4ecc02456c	018e3ef782563639a181ba830f61ac3a84c777b4
dd296cdb11f1dbdcc3357fa010c9eb903df22190	5e47e3aac906d9b2b6e5471fe03412cf4f7c649f
dd2ecc54d8d623d5fc619767652add0b91db845a	d5affed4412fbc30506a254dd9c1d7622199f12b
dd7b7519ec01ae566e0b3d9cc1867dea41c620ea	4784343e1a694bb6e5a8fc11980f894d6d28b3a8
dd83395c587faeb1f46f5c3d0da42b48bf1b944c	22062df3c25912d51349897e9ed96e6fdae107ac
dd93e239af5d5a5d84d19f9cb9e2a8dc18042114	16712cf481dfa70760d2f652da05d325b992809c
dda7cfed3ee7514ab0e84c85922bc05e7b30305f	7a7139190fa8e9e67416a909c2edf9935f731aed
dded566d4ef4956f4fd1f3f2fb6e2bdb691f5fa7	d4ed536dc92199e14fa35379e7042bb789e7a875
ddfba72f2128545c4c6b0dc205f5b03aefe717df	47587300e58f77dce9ca0a5837acc14126540305
de0046bdafe3a136c1f002da5d179a40b9b06846	a4ae8c459c3ba5227c51472c027b029b908177ba
de177a54515645568c3c5fcc1f06d6a8a456a257	f1b50befb5ee4e745800979698411198437b943c
de1b794e04beafce1f76cc9cf1cde47b710ff663	9d5c0ff9bda564ec30558614c040fa0ae51a76ca
de30bd629d8966bab7aa8c4cf699b74e8d374956	dc641f4921df6fb0d3e115edc238242e9abf3ef4
de5b67c2ab68ef3f4342114ef26bac74ec7ff217	2ac717cbc0d420c534e523285efa39c2f51ad28d
deeaa41db5f2d7f67daaeb52e55996750633b410	3db561664a95d1d338c274a01d68409c130e2095
df5490ee6b6c7498054017e48af070c778c0cb37	60fb3c12063efffb366b88bb09bae0bd291263f3
dfa86573417dc9719fb559771cd5ef96431599c9	c927db28f8312727c4297f46814990de18e4ec05
dfc5b8dfbc45b7bd7b047cd8d4078a6b890ed4f9	dc0d54e494c434e88e38fd044913ac551446426f
e007b8bd4aba27357419d48ff8baafbe23cf2d25	09d0124ea51ae4956735e3452a74f1f27f9bb437
e076dbe70ac866b0849faa7225ed0ead1411e599	c04c0a340bb564d563895da39e28ca9fab9c14eb
e0dbefc26187eb53c330e5e5b3e86f10b5f0b765	377ca5c4038430fb7f95ca5185579d16030d2b77
e170f9ad909d649d5ad679bd08d84c5c0ab5b341	6d0c68d411bca0c7c2ba534d88501426125f1284
e19081a946087fa1bd8248ed75c60a80d285a31c	a38026ac13cc403a78b2f41025c85f156d31c6c2
e1e89eab8ac7af74e7a310efdfff4525c89c1a74	ba60d1c18975fcbb06eed784988e6a78fc18f693
e1f93e9ac210736aa3c8aca8bf66117c9da51ab8	3c4d5bee2cbf4f6db9af2fa47c4cd970b6a94ab7
e29e75ea5a0181908ad7226615866a7433bbdc2e	ba5d280c7c8dce1b824dd1be37b65ec3d8161cdf
e2c8ff6b9bc0263a2192b4bdf357ca12aa85308b	153d67756328cdcf0c73105c3848c012f159ec85
e3178367a68bc61e4a02f3be8328315d157e8477	df677b10820302e77832731dde950e008bb3ebba
e36c0fed3a1c8ef0da7c0d57518cc0e609f7b949	1a1cb98d2f798ab9768dd2aae54697df11c937e3
e378e734c28b31dee0fb40d4f1515c7784489f83	73ab4c1e3a97feddda522f47f37d5fae7da8baea
e411b4e25f7fd0dfef45f97cb53eeb5facec3a78	830cf0b2ff25ad79f11dbae83d62bd973adb05ff
e4267bda8603176e17da015b669e68b90781ef32	b0d0b516e28eabbb5e79e9dfc0397650d346c1f7
e42ec915c8312a851a0ddc8bd0ea2420e38f32d2	e71d5a5a2620a8295e35d290e63c9388a393f8ce
e4611767374ea804e8b2a3e09eaaf191e5bdf4a1	7a4be73e04c87ad6b2c8691f15a814bb31e655af
e49b559fc468d5661b148d307a5b6e3783441cc1	d26e134cba3f54813e76bed8e6c12ba49772d5a8
e4e016092be6bf42cf4597e03c93929f5f53f3f8	00d350ebdf1a44ca90f9c76cb8953c6b0d615b6b
e4f8ae2b9213dc1bacca51738be301e1469aee5e	0ad8d6fbe0ab61fa8f2a9eba54f0aeaf25dfb014
e4fcb2d86c204a698577f966c3a7481febfb4d2d	569c91d72e634d67a0a8cc4ca09112ab2159658d
e502563d23b419d8b681096c78693485035de8ca	b21d1472fc74d920988a92cc9ec3306f847b016b
e52e84eaa1a9c6f430f46983b2d5f478b59f2de3	445ec59336c8cd04d886ebca8a54583dd31ad1f2
e60dc85be287508426036c7f0c55f7304805fbd3	34acaa7785c31691c20ee6a5cdc213112b7fe061
e61b0354c8537f8714c0ea60d1a741687acff6c1	a00d7206ab2f1343c9afe372515a2d10960dcde6
e67846da900321313cbf5ad0e3254469315b016a	0d04446928bfb06b39fa23ac26c983915e8c4177
e679b177b31ed8f73056bee901c6001e58e9eb41	6b936bfaab5b74a65a6a4e69aecd96358c7b5bc8
e68483059a82631234ed10a14698a4dc4059562e	425591a08ab7fae5d40a4b3dfc1a8ffcada3fb2f
e6e01903e219a61e47ea02c13954c73e7d7bb3da	07e86f56565a633418102e448817005eb4e84986
e7256a1acc6e945c2cda2c1b027a19ed4ddefe6e	d2dbb4613f26803c339dc15a32972e5b8cc5bfab
e72d2b0563156a05c524a7295fa26364b78259bd	fbd4af4ada5df1dd7488cda154293a08d94da9d5
e7419f63fd7f195c32364cd6f554583bcbea71f9	afd0d050b901a2ac284c14f08d1e1a57eba36a0c
e754e24452ac2dd45b0ba8eea40ac1758da62920	fd3d5507d8cde28d745580a86c729678a9ee7606
e78e8fc2ccf73d01ffe990069fb840ce3b8c5987	8b1e0f27178e388569ef3c8b6f9c87c2a49f9ff7
e78f4022b1d3a65daba7ff7b4e4ed1ae0c13819d	b73407638f0bc5874b4d4e5abebe6b52e5e2dd2f
e7c2159e2e8e87ef38a6608dab5102ee21e400fc	8043d38a560f62851ce9d599d9b71046e4f0a4cf
e7d8d8e70ef8f9ed9164c28bf16fd6a7c786be82	6975da1a9e5e31de32f9657c6798f7d85718863e
e7dacde7be91353d3e7ebbb40c56ff9b6850feb5	1aad40d7f888616d9e7a4cd41ffbc7d502b4afb1
e7e6ac0f1323fb0e9898880e3052f4acc212d08b	0a02f0f4d68634dd531d0585003f5014a45d68c6
e81c21274d40417e2b454f6229eac993302d6b3b	11a2e03db5ebe1b6f986409226cc5a7ebc488817
e83b4df90653cbf973e8b79f09f0449461775614	0b5698984099325648b2e33bef9ce7cdd19e19f2
e86e181d8b39bc35b83bcfb7241bb89097c27e67	12975ad86bc8576deb58d3de4fe6533b35ef3c34
e89a1391196855ffb54f5a3eb207c6f99ef9c944	34694ebb70325969383db46fbcd3bccd3fb06128
e8be929876efa3efd244ee354f13d1dc817c6bc3	e0594546d2e34f3ba021e64bf7f39dba3b75e86b
e8d4018c689f6f2de3649105c37533ccef613d87	7d5da4fcb83f4a4ca3fa9ccb6d9bfb9f25f6288b
e8de2c5bd10997de4dbe7fbb39e3f757edc2d580	5d38be04ee99fc310e23d0b5da7cb401ca585366
e8fa4e49f6c42c87efdbc0469c4e1468c577ec79	a77a96e5e840878f7fb127ba7c2fff40832ba934
e94c3310c535d79c881b051cadef49c563cdbb54	e0f4565620a92f75cbba87c30b44373bbbf00e88
e96fe43af3513ca445e6f85ea5f74f39bc2ab285	150eddbc9f792b0abae46e1a07944a5443c69bce
ea4ae7662eb21be3da44898c991da9c8d600cc92	b4cc3f58aaeb6498cfdec122134a665ff536243a
ea794ff3a2557b227ede8098aff660b801056b4b	fc3c847ac1d4c03aecf76208e4e31298fc5d0276
ea92d20bf6910e916fc9498e885f0faa0021d5f0	668c56d657c6d3b4500a6285e5aba0fc85e4f9b3
eacdffe0203f08db7722fdd61a8b459711521c05	007f6d1567429711f4e9bdc35610cd6274e8deed
ead15c3025a53674da2a357de3c1ffb705c09bb1	577d38838c8b9e63680fb152f5b0ad957e095c3e
eae7c59858b2aea17e3d805db0f2f48f8d19f0eb	f2f3fc566b0b3eaf54f52457988d4238da5d811d
eb131e2fd8f2fca7ceb68f9627fc4839e848e245	d7dbf3fb6c8e3f4df5beb9cd47e356069d448815
eb2b20993d87eb681f7aecee66b01ab3e29a082c	7ed65683fbdba9d1e7233e5a3d45d22eb4ed2d1e
eb51b39961d6a3d715d5526528851f2d9192a350	5378733b59cb5465785ddac11e99ddea8c125c9c
eb54caba0693c6d53707871cd296ef4e221f11c0	c0743c847a21827995d58375c00e43f408804025
ec10ed517c10dfd7e9f2fac3b693cbb95d443ac0	83ecd1181305d5529e93aee3193e954908281a71
ed18c1e8615e37f78e1794938661ca92b6d760cd	e03450523f9e3a53f11a8da4616ad7eecb8ec7ac
ed253faeacfad1e66ced21a9150aa96c8852c792	57f7665a770a4bd76c6aa8f223a55d61006cb875
ed63502b818caa359ed2b2c3626efd760e12055b	9a0a26de1e44e13a8be4fa416e135b9297013847
ed8c7242696b25d5d7cc92996a26c58971a7dcb7	b80988c8dff868a37990b3a59a6b8bfb9b5344d9
edddf71d16564aa3a4299685f816e12e61136e25	83908e5535fe5ec53b47d9d61875953d89f39623
ede0213c25bb3cc8270c4d858d14f5913c6bbf04	ca7c1963accefc752e97c6b706606f5ed8c01bee
edf2a0b39ec898b73fb8b406ff5d654d1ae2e75c	6d7468f9c0d9e4eaab1520c076682e2ca256c11a
ee02b82d81d550a68536c3e1aac9cf0c8d209a2d	f545579b5371a8e024c1f3d18c9077c98f3ab873
ee17e5c1ae00e68655926299e91da0958858d244	15f097d95a6dbe2a4f3e111668a3f1394ab2f256
ee283f2a59dc38be0645c0ab2443ed229c999fad	08193a77891946329a618fd31a9ea700aa8bc3ec
ee287ece1964d9a92449555cf9cde57881ee2a2d	b5c1f6eeeec64c07382493c75834f652748efecd
ee33c68fe1ed606d5d30f0ce051e83c09bd93eed	ebb8ec4aa4f5d4f17da8388388c7d6b5b6f209fb
ee8cf7ce6109c1ce3760eb136e4b8317086ab515	2fa2a4a96d71eaf6753c00262d7182d0d538be89
eea2d85f2bf5f4af0881dbf4ecd2982bd9236d71	8800a7d27f3329e1076026d5630fb42952dc5aea
eeded561c97c3f49d803d1a3465290067ed1ee9f	47f464f8f874bfc93b7e1472f21de58a0207701f
eef9cdc54d39507b1422424d86eb17299f5a64b9	e22a5c9ddb62d1bf8fbb8003ef73ca2817180bdd
ef07577366bc60ee3976a77e010851888e24ce6c	0dece0a6919fc2c8e40653b316bc9be2400265d0
ef13aa8ef95421832c72b482840e63defdd131fb	38f485ea62e1a63ccba67c9d453b73c347bb8de4
ef693acb8edd7411f513b841ed64fa7a3143d7ed	ce957824eed8eef15aab9923d9c166a7e3c37839
efba12f88e4604bdc1d874fd3b1d1464ad05c1e5	3fda00ae480db4b0b8f66090999a3e5cc26ddbb1
f007a48093615993f3254fa3e066cdb44d9cae52	7968c5cb33ec64bb9b09433f208dc49442dae0e6
f022f3b1b86ba3a4f1a1bd5e293dae3ef7a71d30	e4297aedb59c34296080fd0ceca51487dc44b187
f054fafd03cacdab6018a07a6f4b879a02126d35	c48c435d580fecf88221f216c72f78d02999f12b
f08a119460154357751b77cebd99b0fecde39920	886f38f207716e00c0df7afe984bf1813a5bef9d
f08ab97ce42c55c12b9bfa42b653975abe68a48f	9ef89c1323a951f543032c0a5b2ba4ef735e2103
f0ec770b67f6b0b012e3f84c0212a4794acb6dd8	a85c1994e66f34f272f6422e7aa3278cf616467d
f0f47b6bf0b3498eec0a3221be98fda12548fcf8	833f16a352ccc5f9bab17db9f40680ccf186a733
f0ff48c444130d8cabfc253e18ec4fdb2bdbedbf	4d75c8caac4a9533a3d7f8944cba5e1b6457905b
f126572084a847dfd968260ac9abd0ca924ee4b1	e52f23aff23222a87bc9c846655c1216898f24f1
f1a8b363aaad34117ef08285981d1c39c58cfe4b	c551c6f2b26e090e7a84dda8592bd4ca443a43ba
f1bbe9b19ccc59753242bff5c83898e6782ab927	4b988750b15d7cbc0af09cfe493ef5e77ee95270
f1d749c16c0410382a8649a6d6f7d2983ec1efb0	573676b10f5c555cd2d5556e01a005e75b326173
f222d95a07b947deca0ee948fa72bdfb75f08565	5ddcdda6390ef253fc76cdf7e36ec5b1059464a2
f24032db9d0acd199a470cf3d8db83185d6d4953	772f655ae529105fa2e5b8ed27ac9f326b318a47
f24c9aebe9a4f087cbcc065da7602c0df502593a	549d1a4dde630d4fa3401ab5d52faa49c924dbb3
f2b76680d5bda9734142ad7c0691bb6f3e356c77	e0dfdcc7358c3c1faf0026f41fbe537af6a8215f
f2d6acc46137c25caeeaf14becb47472206bbae0	66d75ae64f7b8e32d611bbf4394bae324af8a92f
f2eae085b2b3112dbc7b8e876140a278e32efb19	9a4c18a6cf3702042b9841c7c1d4bb04b2634859
f2ffde1f7bc65054cc20c35067e0c2855f1d6708	e829dcd67c09b9b23890d4852acceba46da79272
f30311c29624f23f8ed3fa20b60af0095122ba10	9e4a2eda361c6097b9fd27e97b83bdc93055510c
f353102015b55d5fea66d4eda8fccb8015394a1b	3983c257a0d761bf3b67eb8793b0d9d555f99594
f4025225012bc34030d68354ee084b3bfbfbd50d	ee0170e7e0d29b4fa16489d9a3fee4581c8f15a9
f43722e3ebf202b08f339e355b12b9fd5a1f0800	989437504c19388e41c12526d993289df64560b7
f46d92d7c9abcb54156fadbc02747dd392a1427c	033c639c6b8ed18cdbb12e158b778de2a29ce542
f4c5a8c8d55a24ad538d3c8339102ea39730f96e	3ed6047916ffb6f55b8c8305429638c3a0bb3e4d
f4ea566b514375c1733c40a409af1b86778b3089	2fbedbcba12dfa76ea1fac05fd3835ce1251f5e0
f54ffe97522c4de6a23151b7ee9c161bdf9c5ab0	985725699c0f5324bc6511af41ef1396c4341a68
f555a6648db3fa6b4836f707f8241b23b8dba2d7	247f3cd3583f645a2ab04b99f053d007efa9f6c7
f5a4bb50542789f734f58a8ea3a63188414faaba	2406995cfe015d8588dc7814cf0e27c4f4c9c075
f5c935fd6ccce9344898829bbd882c5a9f5eb1f1	30c1fdf39db39ecc51d25d96326113bd50fe2b90
f5d0597fbd455722ef9d5fe44b9654647c3dc2ee	a3f5d509179d7907eca10a92fcf0b7621cd21e6f
f5d9cba07cb660c45c96f317743f5a9d7d02455c	e2e72bb2684a66f12770aa7375308d659c14e136
f5de126a9b70ac00d06bd835ad8bed30dbd2433a	e7419501fcdf4bddfa4994c919b6f19444fbf33d
f5f53af50fedfddc99091c2f52570d8a845ca2a5	45a62ddb77b59316166499b4f0371d71ae407dd8
f6020bf01ff4b704523e3dbd24462a493c70f908	79a7a1e855f30243706f4bb776585212a5b80f43
f6395216bfa15171228d9725a1cfbc6064215186	c1d861dbf83ab68d1f543d6d63c7097e9959febf
f63ae07d972d2583f3aeeb468b773410ce4c0a86	680f3e328d3c2f55e6762589be8189351e44cbc2
f64cf55107d0c5d9f2d51bf85ede75236cc7bca2	33a02c56f0b1586bd3d8219e9d8b45c7d5be1c41
f66e580e4afa6c05aacca62b73a15ee39d683210	0e3590f6e69dbb8c8137ce2acd8a2df58ab8b555
f7490a619c835b718b3d233942cfb3e25c3ebe88	d53e2395f95f5fc38965e11e9a09fc3d4c7b582b
f79d1117868e6bce8e15a7cd5bba50e4bb2aab00	5d318145e6c7e8024cb87cffea949b7618236bef
f7bae0d474e3cd14a5a29571b0c6484cd07f18b9	dd78723b0832ed0fa0adb468c1e3f628d5951123
f7baee18b62956ab4881e88b339adcbbdcc24f55	1a8cc433bc24dd37d14f49c39587a1564b9ff6fa
f7ea58230c711944f9d142c05e25e824d9ab0bf4	c6c370b3d1b1084c7dda2f783c53e4fa8e5be3c0
f84e6d450a1ff5daae5749914b0f1da29116a8ef	cbcd537571aa25dfda0e085b12235e883de6aef3
f8598665554eb874c2823a25173cb05346fa6711	dc15b5d57557c2e77d8bcdad55aa9bf4a8375f08
f89a178bd74a90527f4948f811f528ef562d6c7f	e672d1d5a93790a8fae0df533770cc57260923e2
f8a3fe723b6b7e4bc1389db57abd4ea9fa504b05	60eae08d3f3f7efa3dcf073229f7e5e6ba8058f6
f8f969c3db98e1c0deb85517d84f84d3eb7f5d7e	cfcb7157ff5226b68d6e46419a633bf5d89cfcc6
f940fd4288ee42de512827767acde861e2f5b848	2cfcdaa5ab2d283348af1f00633c41b41b8b1f83
f9a01c4ca0381d4e7584262ab316c74adb7d567c	ecde7c3bda48a754eddf80fed5027584d926cb86
f9d66b07c791e8ca495784f89378fe79cb3a0394	96bcafb766a4d9ae4c43d4f65e264c567935a72f
fa1fec568137215ab2fcf56790de8a7da43314fa	8870490b29829d1bdf6827d35377beda75e79477
fa202a299b2cfa0a77ad37d06396f88f8032ecd1	42245aeb8acd2fef5918654b456e9c4d25f026f4
fa892f133d5376f5fa9991d0c8f84b2e6a039738	925e89bb4d5ac95b85d21d4f5b1d84b856c4c259
faf66f4705ac6288c74739f04b13aa54d1c94e77	121ae02c0a3f465cffc82d735033b4b4e274cf1a
fb0a1e6bb7dabca25d4e783fd4097de510822ad0	ecc4bdffce6f9e8113dbce1c25016f906ba77e23
fbc8ab334b8084583004c7c45b26a858b4bdea01	303866994faa508061ae0ba2796d39852c35ae1c
fbc9ae2c196d99ca7cb86686632bf047d88a3d22	0d6cf304c8d056a071ef831dc0d1689e06bacd85
fbdc285e1ee2dbd8bb075c1eddaaf832d42f32e2	11b340ddd2aeda46c0d4f05430f68ade8bbec0a1
fbe84fc0236056ffee789a62aeb85dce63e1b421	bf51aa88a8e921c5fc8b651ee9186fa50f6e5fce
fbfeb2911caf4ff1d53a4528679915fdc8098ab5	1d1475c5917ced8b5ba70bb847a81c190a0faa8d
fc076fb616732456e57118882e0837e646c7fdb6	09c0e74ca98a23438276effe3bd38b961228d9cd
fc14f1ad849ab3b0b6e99969701712acbba1593b	93a47e8888cb0cd7ad1eaf140b60de5b0f3ffa0d
fc16dcbd63f9ee5486706c20cba25acd757c16c1	741c3c97533b5629b319be5681e52cfcf43190cb
fc1e7e0dd6e9557c1bd92ff16014b9c0c6bf4cc0	e7cf179fa47547656bbc07a018a810d2566f73c1
fc89de52bd9fb207f561709506650d7a32834d3d	92d93040b05a601ea12283be5fdc6374c9e8b487
fc9031d54df86b9eaa31c15ecfa6518007ab4351	246c456140c401cab1e5b5b2b3bf961d1043a513
fd0b8c45f82c82d27ef659cdf40140799a2035dc	5af0d678704584d1a3ddc7b818402895dde35f86
fd1527dc3377b53ea902b4652f48e5c7f9858f0d	c2adcbe4817a1007f0b5688b5a7306cff50857df
fd5bf7701460d8b4180cf763da03d08a37f4f0a0	e11113d138028b76c4f588f43c313946bc1e2530
fd7cd89091e35ea17ea6c865777060322d3a1610	6c84811ebbe29ea5586a9ccc1eb9909d04017722
fda43866106cb41867e66ab8bddf8ae865a272db	daf718e91798b72d23708451c17550fd30a35d0b
fdb81920b551d1bac3b9b2ec56b56d0d5a53201a	143bb4883f39fbf3ed34fadd7d38f6138677df5e
fdbfb431a7223f6cf01fe9fed97c1832f1b90b1e	f858de02a9c73c060feb0c6032b756d2daf566ed
fdd05032958a22b377122e26562d52e2f0a1fc62	c8a6ac749abc8e2d21f35bfdaa6869ca10d75032
fe187a51ba538f3f62c173a831cef20fd4ac7eb2	939ff02feb39b0007e32392ee4163b090e6caf10
fe33215e77b3e3655bba0f03121765b178a4c931	3c0223ba9ea473001d8e702730ab68377c7c08f4
fe70158a1c08439e6f6e21c36f97e44e0aab3558	311621b0795acca3e3909a29b3ea603c7e65851e
fea2b2c0b4b55a7d113caa641ca7bf95707fba1f	3579d2e29cf7039b9a19eae10218fad40d443a5d
feb76b3e6649c242f7824fe3a9883aaa7c554990	3ab25b1c7f9bc29d461398735b7316f1cfa2a921
fecd56ec4effb3fe2d10bf8922e6d80ba984d2b9	57b578ffeb1229b16166f8465c4dcf7e9ba3cb4f
ff0929f588c90924a9d2c1b2cd894ef6157258f4	8168652924db805ee3deb4f530fc2c6a1d6cd3ee
ff4877044202753d5956eb1d67023b24a30f79a1	9e413dc4a5c81b74de75456aff2b7ec440856fb6
ff592a49e9441f57515aa27398f22bdae4678552	b8b8097fb674ead5794336c212d3f797f5ae872e
ff8b5533e7ababb107e2f8cae987c4ca6e486289	63d015bc116bd8b3836b17a469ff11755f983752
ff937cc4226b24ef8b54d6c226d88ddd0fa40867	b5b4fb04760c430409746ff2f791114c4e7c8d90
ffe930b63b9f0a3a5ce811e0af0395fbc04ba612	f050e5cf56a462c3a6e0181008c83617636005ca
